item,value
git tag protocol-v1.0,commit c3ff370 (2026-08-19)
git tag protocol-v1.1,commit 3164401 (2026-08-20)
git tag protocol-v1.2,commit b7d7938 (2026-08-20)
git tag protocol-v1.3,commit 264933e (2026-08-23)
git tag protocol-v1.4,commit ec810b7 (2026-08-24)
git tag protocol-v1.5,commit af57566 (2026-08-25)
git tag protocol-v1.6,commit c499552 (2026-08-26)
git tag protocol-v1.7,commit b0e5512 (2026-09-17)
git tag protocol-v1.8,commit 2e6c8b2 (2026-09-21)
SHA-256 full_data,2ff5c57e4022a3881ae1edf74954d8064f211f032c79a85f9488bc195c326156
SHA-256 train_data,4224fe90606f4a77e71dafadb99538a8ac878555a32805a48219f27cf7809313
SHA-256 history,ae994353fa0310d28240fb3740c5f6cf61d11be3847293f1ca2ab84243323f99
SHA-256 clusters,7dfea1a3b481fc651195f706c61a8ed07a080f17a35851e860f8fac46d200118
SHA-256 d10,21d74f132a81cc2e7828944af2c2c7a206e869ca1224cba303344fb5c5dcec60
version python,3.12.13
version statsmodels,0.14.6
version pandas,2.3.3
version numpy,2.5.2
version scipy,1.18.0
version pmdarima,2.1.1
version scikit-learn,1.9.0
Section E run (UTC),2026-09-21T06:51:08+00:00
