origin_no,origin,model,n_train,aicc,converged,iterations,nobs_effective,k_params_total,seconds
1,2025-11-30,M1,884,-11.793988137353098,True,19,883,5,0.261
1,2025-11-30,M2,884,-11.026402912145233,True,15,883,7,0.291
1,2025-11-30,M3,884,-13.432552729041042,True,23,883,6,0.394
1,2025-11-30,M4,884,-10.728356501906244,True,20,883,6,0.313
1,2025-11-30,M5,884,-12.189800679202776,True,54,883,9,1.182
2,2025-12-01,M1,885,-12.018488202180524,True,16,884,5,0.224
2,2025-12-01,M2,885,-11.258686661372332,True,11,884,7,0.227
2,2025-12-01,M3,885,-13.683740885819718,True,12,884,6,0.223
2,2025-12-01,M4,885,-10.911286700667949,True,27,884,6,0.389
2,2025-12-01,M5,885,-12.416708618139094,True,45,884,9,0.955
3,2025-12-02,M1,886,-12.989163104607497,True,18,885,5,0.248
3,2025-12-02,M2,886,-12.234451338534532,True,12,885,7,0.238
3,2025-12-02,M3,886,-14.692957511940142,True,20,885,6,0.351
3,2025-12-02,M4,886,-11.874309734673487,True,27,885,6,0.386
3,2025-12-02,M5,886,-13.429038680003892,True,65,885,9,1.354
4,2025-12-03,M1,887,-13.982024882897273,True,16,886,5,0.215
4,2025-12-03,M2,887,-13.231791140861922,True,13,886,7,0.265
4,2025-12-03,M3,887,-15.724336714599737,True,24,886,6,0.413
4,2025-12-03,M4,887,-12.86169498212336,True,20,886,6,0.298
4,2025-12-03,M5,887,-14.46582832520508,True,59,886,9,1.267
5,2025-12-04,M1,888,-14.979692633049137,True,16,887,5,0.214
5,2025-12-04,M2,888,-14.233847401011236,True,13,887,7,0.28
5,2025-12-04,M3,888,-16.757138523022405,True,30,887,6,0.455
5,2025-12-04,M4,888,-13.855282950241188,True,20,887,6,0.307
5,2025-12-04,M5,888,-15.504342322773695,True,57,887,9,1.153
6,2025-12-05,M1,889,-11.325623488237985,True,20,888,5,0.269
6,2025-12-05,M2,889,-10.573582716742882,True,22,888,7,0.409
6,2025-12-05,M3,889,-13.92748209364284,True,18,888,6,0.318
6,2025-12-05,M4,889,-10.144194042885747,True,30,888,6,0.447
6,2025-12-05,M5,889,-12.661643545043805,True,46,888,9,0.913
7,2025-12-06,M1,890,-12.26185387191662,True,20,889,5,0.297
7,2025-12-06,M2,890,-11.512899448660338,True,26,889,7,0.596
7,2025-12-06,M3,890,-14.797228056528173,True,28,889,6,0.449
7,2025-12-06,M4,890,-11.086811763177408,True,21,889,6,0.335
7,2025-12-06,M5,890,-13.538485241808285,True,46,889,9,0.953
8,2025-12-07,M1,891,-13.00887163271543,True,20,890,5,0.293
8,2025-12-07,M2,891,-12.261682693093675,True,20,890,7,0.387
8,2025-12-07,M3,891,-15.628174105380923,True,20,890,6,0.35
8,2025-12-07,M4,891,-11.825346545391957,True,19,890,6,0.3
8,2025-12-07,M5,891,-14.369080565862916,True,53,890,9,1.151
9,2025-12-08,M1,892,-14.027617209373883,True,20,891,5,0.283
9,2025-12-08,M2,892,-13.284153045147868,True,23,891,7,0.422
9,2025-12-08,M3,892,-16.660135429771653,True,32,891,6,0.503
9,2025-12-08,M4,892,-12.841600054257107,True,21,891,6,0.328
9,2025-12-08,M5,892,-15.405708752332174,True,56,891,9,1.157
10,2025-12-09,M1,893,-14.546790754524578,True,18,892,5,0.259
10,2025-12-09,M2,893,-13.804668698720118,True,17,892,7,0.335
10,2025-12-09,M3,893,-17.076832873226117,True,28,892,6,0.464
10,2025-12-09,M4,893,-13.340628429330499,True,19,892,6,0.296
10,2025-12-09,M5,893,-15.79932577653474,True,53,892,9,1.145
11,2025-12-10,M1,894,-15.573574405314538,True,20,893,5,0.296
11,2025-12-10,M2,894,-14.835208052226307,True,23,893,7,0.433
11,2025-12-10,M3,894,-18.101595709655566,True,24,893,6,0.406
11,2025-12-10,M4,894,-14.367381915129343,True,25,893,6,0.509
11,2025-12-10,M5,894,-16.82676816558727,True,47,893,9,1.023
12,2025-12-11,M1,895,-16.543871248691833,True,20,894,5,0.271
12,2025-12-11,M2,895,-15.809341475125077,True,13,894,7,0.525
12,2025-12-11,M3,895,-19.09455446440682,True,31,894,6,0.475
12,2025-12-11,M4,895,-15.343660893765877,True,20,894,6,0.324
12,2025-12-11,M5,895,-17.830090282054417,True,55,894,9,1.166
13,2025-12-12,M1,896,-17.054640930471308,True,16,895,5,0.22
13,2025-12-12,M2,896,-16.321966861405752,True,13,895,7,0.269
13,2025-12-12,M3,896,-19.66808609818434,True,21,895,6,0.349
13,2025-12-12,M4,896,-15.869413331416633,True,27,895,6,0.426
13,2025-12-12,M5,896,-18.421887745558248,True,53,895,9,1.145
14,2025-12-13,M1,897,-16.644667639223375,True,17,896,5,0.241
14,2025-12-13,M2,897,-15.912609008234947,True,19,896,7,0.396
14,2025-12-13,M3,897,-19.216404952405217,True,23,896,6,0.399
14,2025-12-13,M4,897,-15.4351451850299,True,24,896,6,0.375
14,2025-12-13,M5,897,-17.94711665814897,True,55,896,9,1.174
15,2025-12-14,M1,898,-17.608659348312877,True,20,897,5,0.521
15,2025-12-14,M2,898,-16.8794521422997,True,16,897,7,0.313
15,2025-12-14,M3,898,-20.196189653040783,True,30,897,6,0.466
15,2025-12-14,M4,898,-16.40424554494374,True,20,897,6,0.32
15,2025-12-14,M5,898,-18.935501664491888,True,48,897,9,1.021
16,2025-12-15,M1,899,-16.417256223625984,True,17,898,5,0.253
16,2025-12-15,M2,899,-15.684529427495015,True,20,898,7,0.382
16,2025-12-15,M3,899,-18.92005702764923,True,13,898,6,0.254
16,2025-12-15,M4,899,-15.23098767287831,True,20,898,6,0.308
16,2025-12-15,M5,899,-17.660933309296162,True,52,898,9,1.138
17,2025-12-16,M1,900,-16.279788163840124,True,16,899,5,0.295
17,2025-12-16,M2,900,-15.547147622661475,True,17,899,7,0.348
17,2025-12-16,M3,900,-18.790982873892958,True,22,899,6,0.358
17,2025-12-16,M4,900,-15.102993563082343,True,20,899,6,0.303
17,2025-12-16,M5,900,-17.53651488753719,True,56,899,9,1.184
18,2025-12-17,M1,901,-13.631573342524334,True,16,900,5,0.29
18,2025-12-17,M2,901,-12.884312356815698,True,29,900,7,0.548
18,2025-12-17,M3,901,-15.915886245184508,True,22,900,6,0.361
18,2025-12-17,M4,901,-12.470987635507301,True,24,900,6,0.381
18,2025-12-17,M5,901,-14.635977340130207,True,49,900,9,1.085
19,2025-12-18,M1,902,-13.865720845191639,True,14,901,5,0.205
19,2025-12-18,M2,902,-13.123483280060103,True,11,901,7,0.233
19,2025-12-18,M3,902,-16.200436000637634,True,29,901,6,0.467
19,2025-12-18,M4,902,-12.695882144191074,True,26,901,6,0.396
19,2025-12-18,M5,902,-14.926732271514446,True,44,901,9,0.939
20,2025-12-19,M1,903,-13.74243758222339,True,20,902,5,0.279
20,2025-12-19,M2,903,-13.006060991478362,True,23,902,7,0.423
20,2025-12-19,M3,903,-16.26727867771249,True,30,902,6,0.476
20,2025-12-19,M4,903,-12.56475246590987,True,25,902,6,0.37
20,2025-12-19,M5,903,-15.009449624703759,True,65,902,9,1.315
21,2025-12-20,M1,904,-14.58288425242073,True,13,903,5,0.182
21,2025-12-20,M2,904,-13.848955849394669,True,11,903,7,0.227
21,2025-12-20,M3,904,-17.0322203482595,True,27,903,6,0.464
21,2025-12-20,M4,904,-13.406771161793145,True,26,903,6,0.402
21,2025-12-20,M5,904,-15.772465568335434,True,66,903,9,1.343
22,2025-12-21,M1,905,-15.580628530170332,True,21,904,5,0.302
22,2025-12-21,M2,905,-14.850193049742625,True,11,904,7,0.236
22,2025-12-21,M3,905,-18.055360555965656,True,25,904,6,0.418
22,2025-12-21,M4,905,-14.405428480855006,True,25,904,6,0.386
22,2025-12-21,M5,905,-16.8018606753125,True,55,904,9,1.13
23,2025-12-22,M1,906,-16.56431867490752,True,14,905,5,0.202
23,2025-12-22,M2,906,-15.837574171135126,True,11,905,7,0.23
23,2025-12-22,M3,906,-19.010797235998588,True,25,905,6,0.428
23,2025-12-22,M4,906,-15.375730715410343,True,27,905,6,0.408
23,2025-12-22,M5,906,-17.745400307699224,True,63,905,9,1.311
24,2025-12-23,M1,907,-16.836892217051314,True,15,906,5,0.224
24,2025-12-23,M2,907,-16.109990765982566,True,29,906,7,0.545
24,2025-12-23,M3,907,-19.463851086716247,True,28,906,6,0.449
24,2025-12-23,M4,907,-15.688672417342998,True,27,906,6,0.43
24,2025-12-23,M5,907,-18.236813520533804,True,61,906,9,1.273
25,2025-12-24,M1,908,-16.538115536760404,True,20,907,5,0.296
25,2025-12-24,M2,908,-15.807744025988953,True,21,907,7,0.423
25,2025-12-24,M3,908,-19.433323192098392,True,27,907,6,0.437
25,2025-12-24,M4,908,-15.438507823800037,True,26,907,6,0.394
25,2025-12-24,M5,908,-18.251037584469778,True,65,907,9,1.358
26,2025-12-25,M1,909,-16.39060134211527,True,19,908,5,0.263
26,2025-12-25,M2,909,-15.665031207492516,True,11,908,7,0.234
26,2025-12-25,M3,909,-18.837589187260377,True,24,908,6,0.383
26,2025-12-25,M4,909,-15.247506784357812,True,18,908,6,0.298
26,2025-12-25,M5,909,-17.597578885506504,True,43,908,9,0.878
27,2025-12-26,M1,910,-16.29065443354571,True,16,909,5,0.228
27,2025-12-26,M2,910,-15.57072094406668,True,11,909,7,0.234
27,2025-12-26,M3,910,-18.336562761755538,True,25,909,6,0.439
27,2025-12-26,M4,910,-15.11255192144603,True,19,909,6,0.324
27,2025-12-26,M5,910,-17.049429669306804,True,42,909,9,0.887
28,2025-12-27,M1,911,-16.949777164606726,True,20,910,5,0.286
28,2025-12-27,M2,911,-16.23088541791808,True,21,910,7,0.429
28,2025-12-27,M3,911,-19.10807428383374,True,33,910,6,0.51
28,2025-12-27,M4,911,-15.7874447042755,True,26,910,6,0.4
28,2025-12-27,M5,911,-17.839694302773385,True,57,910,9,1.168
29,2025-12-28,M1,912,-17.95225373737137,True,16,911,5,0.226
29,2025-12-28,M2,912,-17.237973740054414,True,12,911,7,0.25
29,2025-12-28,M3,912,-20.138049741997897,True,28,911,6,0.439
29,2025-12-28,M4,912,-16.7941638008259,True,18,911,6,0.302
29,2025-12-28,M5,912,-18.755894146374317,True,52,911,9,1.192
30,2025-12-29,M1,913,-18.785098137944665,True,18,912,5,0.263
30,2025-12-29,M2,913,-18.233488221762727,True,10,912,7,0.219
30,2025-12-29,M3,913,-21.03948532050049,True,28,912,6,0.46
30,2025-12-29,M4,913,-17.625106546429613,True,25,912,6,0.382
30,2025-12-29,M5,913,-19.79316911549463,True,49,912,9,1.06
31,2025-12-30,M1,914,-19.6384285792896,True,16,913,5,0.238
31,2025-12-30,M2,914,-18.877141783208465,True,12,913,7,0.255
31,2025-12-30,M3,914,-21.901524204299598,True,31,913,6,0.501
31,2025-12-30,M4,914,-18.479649976699513,True,18,913,6,0.299
31,2025-12-30,M5,914,-20.395756297180196,True,49,913,9,1.055
32,2025-12-31,M1,915,-16.983770793638374,True,17,914,5,0.242
32,2025-12-31,M2,915,-15.663054084434057,True,23,914,7,0.45
32,2025-12-31,M3,915,-18.884616303045533,True,21,914,6,0.345
32,2025-12-31,M4,915,-15.824303888302289,True,26,914,6,0.39
32,2025-12-31,M5,915,-16.64717597018309,True,51,914,9,1.115
33,2026-01-01,M1,916,-14.933036426704204,True,20,915,5,0.297
33,2026-01-01,M2,916,-13.305539556551972,True,29,915,7,0.549
33,2026-01-01,M3,916,-16.51551025525876,True,30,915,6,0.504
33,2026-01-01,M4,916,-13.778298824592017,True,25,915,6,0.39
33,2026-01-01,M5,916,-13.870068362650024,True,62,915,9,1.311
34,2026-01-02,M1,917,-15.961043033594617,True,20,916,5,0.296
34,2026-01-02,M2,917,-14.329204067392526,True,21,916,7,0.396
34,2026-01-02,M3,917,-17.53034413692395,True,25,916,6,0.415
34,2026-01-02,M4,917,-14.807515848698793,True,25,916,6,0.387
34,2026-01-02,M5,917,-14.864750715015752,True,60,916,9,1.324
35,2026-01-03,M1,918,-16.902021776399813,True,20,917,5,0.402
35,2026-01-03,M2,918,-15.243393093520483,True,24,917,7,0.46
35,2026-01-03,M3,918,-18.389221620425545,True,27,917,6,0.452
35,2026-01-03,M4,918,-15.751666082050495,True,25,917,6,0.373
35,2026-01-03,M5,918,-15.678834545558804,True,52,917,9,1.11
36,2026-01-04,M1,919,-17.713508124067836,True,19,918,5,0.278
36,2026-01-04,M2,919,-16.0230217687738,True,26,918,7,0.458
36,2026-01-04,M3,919,-19.102374993738163,True,32,918,6,0.483
36,2026-01-04,M4,919,-16.566888771456046,True,25,918,6,0.387
36,2026-01-04,M5,919,-16.347322781704072,True,51,918,9,1.066
37,2026-01-05,M1,920,-18.745305649573865,True,19,919,5,0.278
37,2026-01-05,M2,920,-17.057506047984333,True,23,919,7,0.438
37,2026-01-05,M3,920,-20.133201240345777,True,26,919,6,0.425
37,2026-01-05,M4,920,-17.599643427851888,True,25,919,6,0.382
37,2026-01-05,M5,920,-17.370576270870817,True,47,919,9,1.03
38,2026-01-06,M1,921,-18.092837602350734,True,19,920,5,0.342
38,2026-01-06,M2,921,-16.464577236713914,True,13,920,7,0.273
38,2026-01-06,M3,921,-19.712168178960955,True,12,920,6,0.237
38,2026-01-06,M4,921,-17.00168525337217,True,28,920,6,0.427
38,2026-01-06,M5,921,-17.055163232889115,True,55,920,9,1.197
39,2026-01-07,M1,922,-18.984198163037235,True,17,921,5,0.244
39,2026-01-07,M2,922,-17.342500859205636,True,17,921,7,0.335
39,2026-01-07,M3,922,-20.508153651294684,True,18,921,6,0.312
39,2026-01-07,M4,922,-17.87845985217101,True,18,921,6,0.282
39,2026-01-07,M5,922,-17.815003466704706,True,67,921,9,1.5
40,2026-01-08,M1,923,-19.944054214484854,True,19,922,5,0.275
40,2026-01-08,M2,923,-18.295750323491966,True,13,922,7,0.278
40,2026-01-08,M3,923,-21.379759905255455,True,20,922,6,0.342
40,2026-01-08,M4,923,-18.829838633620426,True,18,922,6,0.292
40,2026-01-08,M5,923,-18.66444373736161,True,69,922,9,1.454
41,2026-01-09,M1,924,-15.94388273333813,True,15,923,5,0.218
41,2026-01-09,M2,924,-14.231983809057393,True,17,923,7,0.36
41,2026-01-09,M3,924,-16.940983534772037,True,25,923,6,0.437
41,2026-01-09,M4,924,-14.766894928593139,True,26,923,6,0.423
41,2026-01-09,M5,924,-14.103763424285162,True,56,923,9,1.242
42,2026-01-10,M1,925,-16.973679324417013,True,15,924,5,0.218
42,2026-01-10,M2,925,-15.264126133053033,True,15,924,7,0.316
42,2026-01-10,M3,925,-17.9742212872463,True,26,924,6,0.463
42,2026-01-10,M4,925,-15.796970485074837,True,19,924,6,0.305
42,2026-01-10,M5,925,-15.140105701497085,True,60,924,9,1.303
43,2026-01-11,M1,926,-17.423980980718007,True,19,925,5,0.264
43,2026-01-11,M2,926,-15.724507419612726,True,13,925,7,0.286
43,2026-01-11,M3,926,-18.439592672776833,True,21,925,6,0.359
43,2026-01-11,M4,926,-16.25697641557619,True,25,925,6,0.391
43,2026-01-11,M5,926,-15.624231435408046,True,52,925,9,1.135
44,2026-01-12,M1,927,-17.862068927299074,True,15,926,5,0.214
44,2026-01-12,M2,927,-16.1712050820012,True,13,926,7,0.28
44,2026-01-12,M3,927,-18.891700746740476,True,24,926,6,0.405
44,2026-01-12,M4,927,-16.77663809880481,True,27,926,6,0.439
44,2026-01-12,M5,927,-16.154296571270304,True,60,926,9,1.295
45,2026-01-13,M1,928,-18.819942487615137,True,14,927,5,0.21
45,2026-01-13,M2,928,-17.129353266080006,True,16,927,7,0.322
45,2026-01-13,M3,928,-19.847328084118423,True,26,927,6,0.424
45,2026-01-13,M4,928,-17.710929052156423,True,25,927,6,0.418
45,2026-01-13,M5,928,-17.08943057823216,True,62,927,9,1.355
46,2026-01-14,M1,929,-19.790714905725807,True,19,928,5,0.269
46,2026-01-14,M2,929,-18.020142557025757,True,17,928,7,0.323
46,2026-01-14,M3,929,-20.81577778673106,True,13,928,6,0.256
46,2026-01-14,M4,929,-18.698411072622804,True,19,928,6,0.306
46,2026-01-14,M5,929,-17.976535031206147,True,58,928,9,1.207
47,2026-01-15,M1,930,-20.744656458147716,True,20,929,5,0.293
47,2026-01-15,M2,930,-18.92476838619109,True,11,929,7,0.234
47,2026-01-15,M3,930,-21.775949016872524,True,11,929,6,0.219
47,2026-01-15,M4,930,-19.669128434222124,True,19,929,6,0.314
47,2026-01-15,M5,930,-18.89171809921054,True,60,929,9,1.221
48,2026-01-16,M1,931,-21.019913486482643,True,20,930,5,0.3
48,2026-01-16,M2,931,-19.107115305998605,True,13,930,7,0.289
48,2026-01-16,M3,931,-22.09311123408765,True,17,930,6,0.313
48,2026-01-16,M4,931,-19.98871022758695,True,26,930,6,0.418
48,2026-01-16,M5,931,-19.121284407160427,True,43,930,9,0.937
49,2026-01-17,M1,932,-21.14515250984241,True,17,931,5,0.257
49,2026-01-17,M2,932,-19.181452568233418,True,16,931,7,0.333
49,2026-01-17,M3,932,-22.27887579657559,True,13,931,6,0.239
49,2026-01-17,M4,932,-20.155823666456484,True,25,931,6,0.399
49,2026-01-17,M5,932,-19.25996234346067,True,51,931,9,1.094
50,2026-01-18,M1,933,-22.018711374012216,True,19,932,5,0.268
50,2026-01-18,M2,933,-20.046251214651623,True,19,932,7,0.38
50,2026-01-18,M3,933,-23.175193019452077,True,12,932,6,0.219
50,2026-01-18,M4,933,-21.045922361581493,True,28,932,6,0.447
50,2026-01-18,M5,933,-20.15026723364618,True,53,932,9,1.102
51,2026-01-19,M1,934,-21.595434220840314,True,17,933,5,0.242
51,2026-01-19,M2,934,-19.611949026226988,True,25,933,7,0.513
51,2026-01-19,M3,934,-22.802401749341563,True,10,933,6,0.212
51,2026-01-19,M4,934,-20.771160755250357,True,26,933,6,0.429
51,2026-01-19,M5,934,-19.859693137736304,True,53,933,9,1.117
52,2026-01-20,M1,935,-22.58820293898686,True,18,934,5,0.263
52,2026-01-20,M2,935,-20.607257157552358,True,25,934,7,0.451
52,2026-01-20,M3,935,-23.831401863504208,True,25,934,6,0.416
52,2026-01-20,M4,935,-21.783522920427384,True,25,934,6,0.382
52,2026-01-20,M5,935,-20.896630509579783,True,60,934,9,1.313
53,2026-01-21,M1,936,-22.80003792060849,True,15,935,5,0.216
53,2026-01-21,M2,936,-20.825130562567878,True,24,935,7,0.447
53,2026-01-21,M3,936,-24.08829158857951,True,20,935,6,0.345
53,2026-01-21,M4,936,-22.07304975566273,True,28,935,6,0.42
53,2026-01-21,M5,936,-21.204678971632685,True,58,935,9,1.255
54,2026-01-22,M1,937,-23.71077842085154,True,16,936,5,0.238
54,2026-01-22,M2,937,-21.735609547961403,True,24,936,7,0.493
54,2026-01-22,M3,937,-24.99350368647058,True,26,936,6,0.505
54,2026-01-22,M4,937,-22.95759421707695,True,25,936,6,0.431
54,2026-01-22,M5,937,-22.09366831462369,True,63,936,9,1.321
55,2026-01-23,M1,938,-24.50368217561023,True,14,937,5,0.207
55,2026-01-23,M2,938,-22.528231041752267,True,24,937,7,0.474
55,2026-01-23,M3,938,-25.816171665567854,True,18,937,6,0.314
55,2026-01-23,M4,938,-23.720748301607575,True,26,937,6,0.436
55,2026-01-23,M5,938,-22.897908538013386,True,65,937,9,1.368
56,2026-01-24,M1,939,-25.163890720904973,True,20,938,5,0.28
56,2026-01-24,M2,939,-23.189289355883037,True,15,938,7,0.313
56,2026-01-24,M3,939,-26.54450004228898,True,11,938,6,0.225
56,2026-01-24,M4,939,-24.352323956078386,True,26,938,6,0.421
56,2026-01-24,M5,939,-23.608644453816687,True,73,938,9,1.518
57,2026-01-25,M1,940,-25.843234603827817,True,19,939,5,0.298
57,2026-01-25,M2,940,-23.870882324275453,True,19,939,7,0.378
57,2026-01-25,M3,940,-27.268166373991228,True,21,939,6,0.362
57,2026-01-25,M4,940,-25.010612487384037,True,27,939,6,0.447
57,2026-01-25,M5,940,-24.32156041282394,True,56,939,9,1.267
58,2026-01-26,M1,941,-26.028383500580336,True,19,940,5,0.272
58,2026-01-26,M2,941,-24.05458617199362,True,16,940,7,0.328
58,2026-01-26,M3,941,-27.399870739760605,True,22,940,6,0.369
58,2026-01-26,M4,941,-25.264501688801626,True,25,940,6,0.399
58,2026-01-26,M5,941,-24.507086800291965,True,51,940,9,1.095
59,2026-01-27,M1,942,-26.005327958393657,True,20,941,5,0.293
59,2026-01-27,M2,942,-24.034249727740175,True,13,941,7,0.289
59,2026-01-27,M3,942,-27.4254561249138,True,11,941,6,0.221
59,2026-01-27,M4,942,-25.18188768600077,True,27,941,6,0.501
59,2026-01-27,M5,942,-24.49028928823963,True,58,941,9,1.27
60,2026-01-28,M1,943,-27.045173745955857,True,18,942,5,0.276
60,2026-01-28,M2,943,-25.076423631211448,True,18,942,7,0.384
60,2026-01-28,M3,943,-28.46917484368551,True,20,942,6,0.352
60,2026-01-28,M4,943,-26.221813066005144,True,25,942,6,0.4
60,2026-01-28,M5,943,-25.5374943581968,True,59,942,9,1.24
61,2026-01-29,M1,944,-28.044347977505407,True,19,943,5,0.271
61,2026-01-29,M2,944,-26.078487145482633,True,17,943,7,0.342
61,2026-01-29,M3,944,-29.471266984961233,True,13,943,6,0.592
61,2026-01-29,M4,944,-27.21488273361745,True,26,943,6,0.418
61,2026-01-29,M5,944,-26.538442916007956,True,59,943,9,1.293
62,2026-01-30,M1,945,-28.980090619600613,True,15,944,5,0.239
62,2026-01-30,M2,945,-27.015174342539126,True,13,944,7,0.282
62,2026-01-30,M3,945,-30.391871584554593,True,15,944,6,0.287
62,2026-01-30,M4,945,-28.16042321170856,True,32,944,6,0.484
62,2026-01-30,M5,945,-27.468541899743958,True,72,944,9,1.505
63,2026-01-31,M1,946,-30.01314623529162,True,15,945,5,0.219
63,2026-01-31,M2,946,-28.050835360890467,True,24,945,7,0.656
63,2026-01-31,M3,946,-31.431954733486243,True,13,945,6,0.265
63,2026-01-31,M4,946,-29.192472735662733,True,26,945,6,0.403
63,2026-01-31,M5,946,-28.51099024939332,True,57,945,9,1.226
64,2026-02-01,M1,947,-31.04846912703978,True,14,946,5,0.202
64,2026-02-01,M2,947,-29.088103205939994,True,13,946,7,0.283
64,2026-02-01,M3,947,-32.467794172280506,True,16,946,6,0.297
64,2026-02-01,M4,947,-30.23049708472762,True,25,946,6,0.402
64,2026-02-01,M5,947,-29.55127499365416,True,68,946,9,1.556
65,2026-02-02,M1,948,-31.71517961978813,True,16,947,5,0.247
65,2026-02-02,M2,948,-29.754231099862416,True,13,947,7,0.291
65,2026-02-02,M3,948,-33.12149921992291,True,10,947,6,0.21
65,2026-02-02,M4,948,-30.91385299996643,True,25,947,6,0.4
65,2026-02-02,M5,948,-30.218412553612918,True,56,947,9,1.261
66,2026-02-03,M1,949,-31.85659169762275,True,20,948,5,0.322
66,2026-02-03,M2,949,-29.892872909638434,True,13,948,7,0.288
66,2026-02-03,M3,949,-33.26080434228474,True,25,948,6,0.434
66,2026-02-03,M4,949,-31.07377273727966,True,25,948,6,0.411
66,2026-02-03,M5,949,-30.369310493031275,True,51,948,9,1.149
67,2026-02-04,M1,950,-32.86631041650141,True,20,949,5,0.366
67,2026-02-04,M2,950,-30.904259235608144,True,13,949,7,0.291
67,2026-02-04,M3,950,-34.26729582522464,True,23,949,6,0.401
67,2026-02-04,M4,950,-32.08790673914863,True,26,949,6,0.42
67,2026-02-04,M5,950,-31.38184735528999,True,70,949,9,1.597
68,2026-02-05,M1,951,-28.25179114703751,True,20,950,5,0.291
68,2026-02-05,M2,951,-26.284383067732378,True,26,950,7,0.522
68,2026-02-05,M3,951,-29.622642468916816,True,16,950,6,0.305
68,2026-02-05,M4,951,-27.435014017851316,True,28,950,6,0.476
68,2026-02-05,M5,951,-26.701674960132944,True,71,950,9,1.495
69,2026-02-06,M1,952,-29.156093664642135,True,16,951,5,0.226
69,2026-02-06,M2,952,-27.191356793871215,True,13,951,7,0.288
69,2026-02-06,M3,952,-30.513884927835555,True,26,951,6,0.689
69,2026-02-06,M4,952,-28.338601842969588,True,23,951,6,0.371
69,2026-02-06,M5,952,-27.596160881984726,True,62,951,9,1.425
70,2026-02-07,M1,953,-30.16063260941616,True,14,952,5,0.252
70,2026-02-07,M2,953,-28.198908336036098,True,13,952,7,0.547
70,2026-02-07,M3,953,-31.525385815862037,True,27,952,6,0.448
70,2026-02-07,M4,953,-29.344790346299483,True,26,952,6,0.395
70,2026-02-07,M5,953,-28.61211144430356,True,69,952,9,1.579
71,2026-02-08,M1,954,-30.14796967939308,True,19,953,5,0.269
71,2026-02-08,M2,954,-28.190474039656074,True,14,953,7,0.303
71,2026-02-08,M3,954,-31.520347234789377,True,24,953,6,0.432
71,2026-02-08,M4,954,-29.337232537248326,True,26,953,6,0.417
71,2026-02-08,M5,954,-28.61575576688519,True,71,953,9,1.575
72,2026-02-09,M1,955,-31.19180683182862,True,18,954,5,0.289
72,2026-02-09,M2,955,-29.236544546855363,True,13,954,7,0.302
72,2026-02-09,M3,955,-32.56776455043005,True,27,954,6,0.448
72,2026-02-09,M4,955,-30.382352854748902,True,27,954,6,0.431
72,2026-02-09,M5,955,-29.666629701526695,True,62,954,9,1.443
73,2026-02-10,M1,956,-25.617101660848487,True,7,955,5,0.152
73,2026-02-10,M2,956,-23.637248905244444,True,27,955,7,0.557
73,2026-02-10,M3,956,-27.029374828506505,True,25,955,6,0.55
73,2026-02-10,M4,956,-24.793989562066663,True,26,955,6,0.426
73,2026-02-10,M5,956,-24.087738608908204,True,52,955,9,1.096
74,2026-02-11,M1,957,-26.656042310876067,True,8,956,5,0.161
74,2026-02-11,M2,957,-24.678463842179877,True,29,956,7,0.526
74,2026-02-11,M3,957,-28.071563905076047,True,23,956,6,0.443
74,2026-02-11,M4,957,-25.83416271872057,True,26,956,6,0.409
74,2026-02-11,M5,957,-25.133413584024222,True,56,956,9,1.282
75,2026-02-12,M1,958,-27.0573117231684,True,17,957,5,0.276
75,2026-02-12,M2,958,-25.078848507757712,True,25,957,7,0.499
75,2026-02-12,M3,958,-28.484651725061006,True,28,957,6,0.45
75,2026-02-12,M4,958,-26.237277350712496,True,26,957,6,0.421
75,2026-02-12,M5,958,-25.5465555322727,True,49,957,9,1.148
76,2026-02-13,M1,959,-28.070653328590225,True,11,958,5,0.198
76,2026-02-13,M2,959,-26.094788507132222,True,22,958,7,0.463
76,2026-02-13,M3,959,-29.493137725637904,True,28,958,6,0.47
76,2026-02-13,M4,959,-27.252019243811933,True,31,958,6,0.478
76,2026-02-13,M5,959,-26.559343155182585,True,70,958,9,1.596
77,2026-02-14,M1,960,-29.111872317838888,True,13,959,5,0.225
77,2026-02-14,M2,960,-27.138265755747454,True,24,959,7,0.488
77,2026-02-14,M3,960,-30.522659618155906,True,28,959,6,0.46
77,2026-02-14,M4,960,-28.294415510279116,True,26,959,6,0.405
77,2026-02-14,M5,960,-27.594070165398396,True,49,959,9,1.099
78,2026-02-15,M1,961,-29.56375862133377,True,7,960,5,0.154
78,2026-02-15,M2,961,-27.589297774202834,True,28,960,7,0.53
78,2026-02-15,M3,961,-31.0946224901446,True,24,960,6,0.408
78,2026-02-15,M4,961,-28.743270300387493,True,26,960,6,0.416
78,2026-02-15,M5,961,-28.15740955186628,True,63,960,9,1.45
79,2026-02-16,M1,962,-28.8740209268024,True,17,961,5,0.265
79,2026-02-16,M2,962,-26.894809090079235,True,26,961,7,0.478
79,2026-02-16,M3,962,-30.579331450406908,True,20,961,6,0.353
79,2026-02-16,M4,962,-27.68320850954186,True,28,961,6,0.451
79,2026-02-16,M5,962,-27.345084459883655,True,48,961,9,1.113
80,2026-02-17,M1,963,-29.904997470974838,True,19,962,5,0.291
80,2026-02-17,M2,963,-27.928182033563804,True,25,962,7,0.486
80,2026-02-17,M3,963,-31.59676310779679,True,24,962,6,0.421
80,2026-02-17,M4,963,-28.725910677486873,True,26,962,6,0.428
80,2026-02-17,M5,963,-28.384808574327938,True,59,962,9,1.329
81,2026-02-18,M1,964,-28.992016112017893,True,18,963,5,0.292
81,2026-02-18,M2,964,-27.693827457818344,True,27,963,7,0.534
81,2026-02-18,M3,964,-30.759421296272436,True,24,963,6,0.438
81,2026-02-18,M4,964,-27.611172224858706,True,25,963,6,0.417
81,2026-02-18,M5,964,-28.14553230350212,True,50,963,9,1.108
82,2026-02-19,M1,965,-29.94717349183803,True,18,964,5,0.304
82,2026-02-19,M2,965,-28.491175894872953,True,25,964,7,0.518
82,2026-02-19,M3,965,-31.699921793006645,True,22,964,6,0.389
82,2026-02-19,M4,965,-28.59632024663189,True,28,964,6,0.451
82,2026-02-19,M5,965,-28.943723257217272,True,63,964,9,1.399
83,2026-02-20,M1,966,-30.96292870042025,True,18,965,5,0.286
83,2026-02-20,M2,966,-29.426330338384457,True,26,965,7,0.503
83,2026-02-20,M3,966,-32.705626972230114,True,25,965,6,0.431
83,2026-02-20,M4,966,-29.626124802277623,True,25,965,6,0.437
83,2026-02-20,M5,966,-29.873742650391666,True,47,965,9,1.59
84,2026-02-21,M1,967,-29.427585268034278,True,14,966,5,0.228
84,2026-02-21,M2,967,-27.449691541083723,True,26,966,7,0.536
84,2026-02-21,M3,967,-31.077371876213686,True,25,966,6,0.436
84,2026-02-21,M4,967,-28.2243669746659,True,26,966,6,0.409
84,2026-02-21,M5,967,-27.87482926620362,True,70,966,9,1.627
85,2026-02-22,M1,968,-30.001658412371917,True,17,967,5,0.28
85,2026-02-22,M2,968,-27.8757035285683,True,26,967,7,0.51
85,2026-02-22,M3,968,-31.618891235003062,True,26,967,6,0.444
85,2026-02-22,M4,968,-28.852430597728976,True,30,967,6,0.48
85,2026-02-22,M5,968,-28.301091054894464,True,62,967,9,1.424
86,2026-02-23,M1,969,-30.87745243509014,True,16,968,5,0.274
86,2026-02-23,M2,969,-28.814626363034257,True,29,968,7,0.57
86,2026-02-23,M3,969,-32.515197935245325,True,27,968,6,0.461
86,2026-02-23,M4,969,-29.61516319172535,True,26,968,6,0.422
86,2026-02-23,M5,969,-29.189244521018697,True,59,968,9,1.383
87,2026-02-24,M1,970,-31.871606602101565,True,17,969,5,0.28
87,2026-02-24,M2,970,-29.7746507359233,True,28,969,7,0.523
87,2026-02-24,M3,970,-33.49897740591866,True,28,969,6,0.467
87,2026-02-24,M4,970,-30.642082067016517,True,27,969,6,0.453
87,2026-02-24,M5,970,-30.177009084560872,True,65,969,9,1.465
88,2026-02-25,M1,971,-32.30101798763742,True,16,970,5,0.262
88,2026-02-25,M2,971,-30.112552137048066,True,24,970,7,0.469
88,2026-02-25,M3,971,-33.88462477651554,True,25,970,6,0.439
88,2026-02-25,M4,971,-31.191325231522878,True,26,970,6,0.432
88,2026-02-25,M5,971,-30.579901099800153,True,51,970,9,1.178
89,2026-02-26,M1,972,-32.80929811784257,True,20,971,5,0.313
89,2026-02-26,M2,972,-30.333191013103903,True,24,971,7,0.568
89,2026-02-26,M3,972,-34.36637728941706,True,26,971,6,0.441
89,2026-02-26,M4,972,-31.59454749338965,True,25,971,6,0.417
89,2026-02-26,M5,972,-30.601987887179178,True,62,971,9,1.428
90,2026-02-27,M1,973,-33.78906371761045,True,19,972,5,0.312
90,2026-02-27,M2,973,-31.24251873352467,True,24,972,7,0.486
90,2026-02-27,M3,973,-35.37422416418494,True,26,972,6,0.452
90,2026-02-27,M4,973,-32.543071469490485,True,25,972,6,0.559
90,2026-02-27,M5,973,-31.50569908444953,True,55,972,9,1.232
91,2026-02-28,M1,974,-33.75581809014763,True,18,973,5,0.277
91,2026-02-28,M2,974,-31.00450121728511,True,25,973,7,0.494
91,2026-02-28,M3,974,-35.506638071841074,True,34,973,6,0.539
91,2026-02-28,M4,974,-32.413589228750375,True,24,973,6,0.599
91,2026-02-28,M5,974,-31.332782594689654,True,65,973,9,1.453
92,2026-03-01,M1,975,-34.768285776191135,True,18,974,5,0.283
92,2026-03-01,M2,975,-32.04067780184443,True,25,974,7,0.519
92,2026-03-01,M3,975,-36.49608870456412,True,39,974,6,0.629
92,2026-03-01,M4,975,-33.43904643416841,True,25,974,6,0.393
92,2026-03-01,M5,975,-32.36885395008544,True,54,974,9,1.242
93,2026-03-02,M1,976,-35.14093114166333,True,18,975,5,0.267
93,2026-03-02,M2,976,-32.517762508488616,True,25,975,7,0.481
93,2026-03-02,M3,976,-36.784631895015245,True,23,975,6,0.439
93,2026-03-02,M4,976,-33.831054785103284,True,25,975,6,0.432
93,2026-03-02,M5,976,-32.802236824534674,True,59,975,9,1.314
94,2026-03-03,M1,977,-35.954548519103014,True,18,976,5,0.288
94,2026-03-03,M2,977,-33.27522382937736,True,25,976,7,0.512
94,2026-03-03,M3,977,-37.55740688286555,True,24,976,6,0.415
94,2026-03-03,M4,977,-34.631719882610966,True,24,976,6,0.419
94,2026-03-03,M5,977,-33.49223945624819,True,54,976,9,1.259
95,2026-03-04,M1,978,-36.62947063636414,True,18,977,5,0.283
95,2026-03-04,M2,978,-33.758457982250164,True,27,977,7,0.519
95,2026-03-04,M3,978,-38.23362260002693,True,21,977,6,0.38
95,2026-03-04,M4,978,-35.32206598947604,True,25,977,6,0.416
95,2026-03-04,M5,978,-33.96295071352038,True,66,977,9,1.471
96,2026-03-05,M1,979,-37.582087169428675,True,19,978,5,0.307
96,2026-03-05,M2,979,-34.76160117974829,True,27,978,7,0.514
96,2026-03-05,M3,979,-39.14508598207513,True,29,978,6,0.503
96,2026-03-05,M4,979,-36.26812478742675,True,25,978,6,0.4
96,2026-03-05,M5,979,-34.94101641461203,True,55,978,9,1.238
97,2026-03-06,M1,980,-36.167624843203086,True,17,979,5,0.292
97,2026-03-06,M2,980,-33.60513605733501,True,26,979,7,0.495
97,2026-03-06,M3,980,-37.255636152160086,True,24,979,6,0.414
97,2026-03-06,M4,980,-34.81927535140446,True,28,979,6,0.45
97,2026-03-06,M5,980,-33.35566408187028,True,54,979,9,1.238
98,2026-03-07,M1,981,-37.21406095719877,True,20,980,5,0.325
98,2026-03-07,M2,981,-34.64040427662784,True,22,980,7,0.414
98,2026-03-07,M3,981,-38.29953707611796,True,25,980,6,0.422
98,2026-03-07,M4,981,-35.86716623065389,True,27,980,6,0.454
98,2026-03-07,M5,981,-34.40998051542379,True,45,980,9,1.02
99,2026-03-08,M1,982,-38.241430336968016,True,20,981,5,0.338
99,2026-03-08,M2,982,-35.68395063768165,True,26,981,7,0.551
99,2026-03-08,M3,982,-39.281030489055446,True,27,981,6,0.467
99,2026-03-08,M4,982,-36.89304033889567,True,27,981,6,0.448
99,2026-03-08,M5,982,-35.42507383636966,True,41,981,9,0.915
100,2026-03-09,M1,983,-38.93737672622005,True,16,982,5,0.255
100,2026-03-09,M2,983,-36.439643207208576,True,25,982,7,0.521
100,2026-03-09,M3,983,-39.85081807582661,True,26,982,6,0.444
100,2026-03-09,M4,983,-37.60600817501671,True,26,982,6,0.432
100,2026-03-09,M5,983,-36.09344593010863,True,46,982,9,1.051
101,2026-03-10,M1,984,-39.978464774897446,True,12,983,5,0.207
101,2026-03-10,M2,984,-37.47170741248345,True,21,983,7,0.444
101,2026-03-10,M3,984,-40.90526562697783,True,25,983,6,0.425
101,2026-03-10,M4,984,-38.64588291347781,True,25,983,6,0.416
101,2026-03-10,M5,984,-37.14550871163558,True,48,983,9,1.153
102,2026-03-11,M1,985,-40.9738832206084,True,19,984,5,0.306
102,2026-03-11,M2,985,-38.450481928658014,True,23,984,7,0.47
102,2026-03-11,M3,985,-41.93368517524708,True,24,984,6,0.426
102,2026-03-11,M4,985,-39.63858088592323,True,27,984,6,0.427
102,2026-03-11,M5,985,-38.15789788155617,True,49,984,9,1.103
103,2026-03-12,M1,986,-41.94744287329613,True,20,985,5,0.328
103,2026-03-12,M2,986,-39.49326659655072,True,21,985,7,0.455
103,2026-03-12,M3,986,-42.963249192395786,True,31,985,6,0.539
103,2026-03-12,M4,986,-40.6102629536332,True,26,985,6,0.612
103,2026-03-12,M5,986,-39.216280672731614,True,54,985,9,1.239
104,2026-03-13,M1,987,-41.780873203557455,True,20,986,5,0.321
104,2026-03-13,M2,987,-39.589618913098015,True,25,986,7,0.495
104,2026-03-13,M3,987,-42.96415383749437,True,24,986,6,0.442
104,2026-03-13,M4,987,-40.43827800164164,True,24,986,6,0.412
104,2026-03-13,M5,987,-39.48268499194108,True,50,986,9,1.155
105,2026-03-14,M1,988,-42.83483279364626,True,20,987,5,0.294
105,2026-03-14,M2,988,-40.636652756870085,True,26,987,7,0.516
105,2026-03-14,M3,988,-44.01308536724177,True,24,987,6,0.448
105,2026-03-14,M4,988,-41.492950711418985,True,25,987,6,0.416
105,2026-03-14,M5,988,-40.4966612612885,True,52,987,9,1.152
106,2026-03-15,M1,989,-41.33934555198369,True,17,988,5,0.274
106,2026-03-15,M2,989,-39.440671668208836,True,27,988,7,0.563
106,2026-03-15,M3,989,-42.79287579473961,True,29,988,6,0.478
106,2026-03-15,M4,989,-40.001759002473825,True,24,988,6,0.438
106,2026-03-15,M5,989,-39.58528197704695,True,55,988,9,1.229
107,2026-03-16,M1,990,-41.540097676021716,True,18,989,5,0.308
107,2026-03-16,M2,990,-39.482296745144495,True,25,989,7,0.517
107,2026-03-16,M3,990,-42.847506700595396,True,32,989,6,0.527
107,2026-03-16,M4,990,-40.254909747788695,True,24,989,6,0.397
107,2026-03-16,M5,990,-39.50854765855655,True,55,989,9,1.258
108,2026-03-17,M1,991,-39.57852180416268,True,18,990,5,0.297
108,2026-03-17,M2,991,-37.27882373389607,True,27,990,7,0.539
108,2026-03-17,M3,991,-40.83153690911216,True,30,990,6,0.527
108,2026-03-17,M4,991,-38.35929116392613,True,23,990,6,0.387
108,2026-03-17,M5,991,-37.28516401191856,True,64,990,9,1.384
109,2026-03-18,M1,992,-39.858577153989785,True,17,991,5,0.296
109,2026-03-18,M2,992,-37.46109033820049,True,30,991,7,0.606
109,2026-03-18,M3,992,-41.10366032449064,True,21,991,6,0.381
109,2026-03-18,M4,992,-38.67106606819531,True,25,991,6,0.412
109,2026-03-18,M5,992,-37.47844719890849,True,65,991,9,1.441
110,2026-03-19,M1,993,-40.76785587267359,True,17,992,5,0.262
110,2026-03-19,M2,993,-38.40376738432644,True,30,992,7,0.607
110,2026-03-19,M3,993,-42.024975351184175,True,27,992,6,0.454
110,2026-03-19,M4,993,-39.56887454984864,True,24,992,6,0.405
110,2026-03-19,M5,993,-38.426467942880166,True,50,992,9,1.16
111,2026-03-20,M1,994,-39.64934898395348,True,17,993,5,0.295
111,2026-03-20,M2,994,-37.173469229574835,True,30,993,7,0.597
111,2026-03-20,M3,994,-40.96860635996068,True,33,993,6,0.549
111,2026-03-20,M4,994,-38.48565420767655,True,26,993,6,0.444
111,2026-03-20,M5,994,-37.27741415734981,True,62,993,9,1.378
112,2026-03-21,M1,995,-40.692731501626724,True,17,994,5,0.284
112,2026-03-21,M2,995,-38.211925472554405,True,25,994,7,0.511
112,2026-03-21,M3,995,-42.01813006665433,True,24,994,6,0.494
112,2026-03-21,M4,995,-39.531620909352725,True,25,994,6,0.439
112,2026-03-21,M5,995,-38.32493143528255,True,69,994,9,1.627
113,2026-03-22,M1,996,-41.01835734988868,True,17,995,5,0.295
113,2026-03-22,M2,996,-38.58088886087911,True,27,995,7,0.496
113,2026-03-22,M3,996,-42.32588710551532,True,25,995,6,0.422
113,2026-03-22,M4,996,-39.84340180869076,True,23,995,6,0.411
113,2026-03-22,M5,996,-38.669658509089004,True,60,995,9,1.371
114,2026-03-23,M1,997,-40.87111133866181,True,18,996,5,0.287
114,2026-03-23,M2,997,-38.38625574282319,True,29,996,7,0.593
114,2026-03-23,M3,997,-42.195914643727576,True,29,996,6,0.523
114,2026-03-23,M4,997,-39.80665989233907,True,28,996,6,0.518
114,2026-03-23,M5,997,-38.58764657887875,True,57,996,9,1.318
115,2026-03-24,M1,998,-40.3843925006729,True,19,997,5,0.328
115,2026-03-24,M2,998,-37.85376087572503,True,22,997,7,0.486
115,2026-03-24,M3,998,-41.8021906778598,True,22,997,6,0.404
115,2026-03-24,M4,998,-39.414010547322796,True,25,997,6,0.437
115,2026-03-24,M5,998,-38.224316373011035,True,48,997,9,1.144
116,2026-03-25,M1,999,-39.329618922661986,True,17,998,5,0.295
116,2026-03-25,M2,999,-36.840027317238615,True,23,998,7,0.488
116,2026-03-25,M3,999,-40.684459701834925,True,31,998,6,0.545
116,2026-03-25,M4,999,-38.25989918172522,True,28,998,6,0.506
116,2026-03-25,M5,999,-37.06547263532456,True,55,998,9,1.316
117,2026-03-26,M1,1000,-38.845101072786385,True,20,999,5,0.343
117,2026-03-26,M2,1000,-36.38489307814536,True,27,999,7,0.569
117,2026-03-26,M3,1000,-40.154535602255976,True,30,999,6,0.525
117,2026-03-26,M4,1000,-37.711553685665216,True,24,999,6,0.436
117,2026-03-26,M5,1000,-36.51268224334959,True,75,999,9,1.79
118,2026-03-27,M1,1001,-38.89481527288602,True,19,1000,5,0.344
118,2026-03-27,M2,1001,-36.456599185969594,True,25,1000,7,0.537
118,2026-03-27,M3,1001,-40.176331754593086,True,21,1000,6,0.374
118,2026-03-27,M4,1001,-37.72667079981095,True,27,1000,6,0.493
118,2026-03-27,M5,1001,-36.52895556384381,True,59,1000,9,1.358
119,2026-03-28,M1,1002,-39.928506096940964,True,17,1001,5,0.283
119,2026-03-28,M2,1002,-37.494343139125405,True,27,1001,7,0.558
119,2026-03-28,M3,1002,-41.21044795706122,True,26,1001,6,0.446
119,2026-03-28,M4,1002,-38.758210332040775,True,23,1001,6,0.402
119,2026-03-28,M5,1002,-37.56576741063371,True,60,1001,9,1.384
120,2026-03-29,M1,1003,-40.878543098831415,True,18,1002,5,0.315
120,2026-03-29,M2,1003,-38.4511205403402,True,26,1002,7,0.495
120,2026-03-29,M3,1003,-42.15932659896934,True,20,1002,6,0.332
120,2026-03-29,M4,1003,-39.704299626589396,True,26,1002,6,0.453
120,2026-03-29,M5,1003,-38.51870487474522,True,46,1002,9,1.113
121,2026-03-30,M1,1004,-37.44931848674623,True,17,1003,5,0.298
121,2026-03-30,M2,1004,-34.98652405703685,True,27,1003,7,0.51
121,2026-03-30,M3,1004,-38.73153188422734,True,26,1003,6,0.445
121,2026-03-30,M4,1004,-36.52530865064503,True,26,1003,6,0.522
121,2026-03-30,M5,1004,-35.279203478634656,True,61,1003,9,1.409
122,2026-03-31,M1,1005,-38.09752315241112,True,18,1004,5,0.306
122,2026-03-31,M2,1005,-35.643965359044024,True,27,1004,7,0.492
122,2026-03-31,M3,1005,-39.386791559370316,True,25,1004,6,0.447
122,2026-03-31,M4,1005,-37.11304496646488,True,25,1004,6,0.425
122,2026-03-31,M5,1005,-35.88998149117279,True,54,1004,9,1.275
123,2026-04-01,M1,1006,-36.28725402184332,True,14,1005,5,0.237
123,2026-04-01,M2,1006,-33.8463007216719,True,21,1005,7,0.472
123,2026-04-01,M3,1006,-37.58862474443647,True,30,1005,6,0.551
123,2026-04-01,M4,1006,-35.17212417923845,True,30,1005,6,0.507
123,2026-04-01,M5,1006,-33.986066982046694,True,45,1005,9,1.062
124,2026-04-02,M1,1007,-36.28098919921712,True,18,1006,5,0.281
124,2026-04-02,M2,1007,-33.84796107476973,True,24,1006,7,0.514
124,2026-04-02,M3,1007,-37.591715358361824,True,26,1006,6,0.464
124,2026-04-02,M4,1007,-35.11092463872665,True,26,1006,6,0.423
124,2026-04-02,M5,1007,-33.9480251909646,True,49,1006,9,1.094
125,2026-04-03,M1,1008,-36.564167029759574,True,20,1007,5,0.352
125,2026-04-03,M2,1008,-34.13768018416846,True,23,1007,7,0.489
125,2026-04-03,M3,1008,-37.88469362350514,True,26,1007,6,0.45
125,2026-04-03,M4,1008,-35.36261383797344,True,26,1007,6,0.421
125,2026-04-03,M5,1008,-34.21956144955284,True,54,1007,9,1.36
126,2026-04-04,M1,1009,-37.28458816899619,True,20,1008,5,0.325
126,2026-04-04,M2,1009,-34.8557973512629,True,28,1008,7,0.565
126,2026-04-04,M3,1009,-38.60055165575292,True,26,1008,6,0.438
126,2026-04-04,M4,1009,-36.09733527765323,True,26,1008,6,0.44
126,2026-04-04,M5,1009,-34.946361208797725,True,49,1008,9,1.196
127,2026-04-05,M1,1010,-38.294379813069405,True,21,1009,5,0.344
127,2026-04-05,M2,1010,-35.8660270815774,True,24,1009,7,0.533
127,2026-04-05,M3,1010,-39.60988758024582,True,25,1009,6,0.461
127,2026-04-05,M4,1010,-37.11130511656438,True,25,1009,6,0.431
127,2026-04-05,M5,1010,-35.9602838841543,True,56,1009,9,1.351
128,2026-04-06,M1,1011,-39.287084751181666,True,20,1010,5,0.321
128,2026-04-06,M2,1011,-36.8592080116816,True,24,1010,7,0.499
128,2026-04-06,M3,1011,-40.600250462180895,True,25,1010,6,0.454
128,2026-04-06,M4,1011,-38.10423914445461,True,26,1010,6,0.447
128,2026-04-06,M5,1011,-36.951582563382196,True,41,1010,9,0.963
129,2026-04-07,M1,1012,-38.12723406520661,True,17,1011,5,0.326
129,2026-04-07,M2,1012,-35.69165819926293,True,27,1011,7,0.573
129,2026-04-07,M3,1012,-39.209260073204454,True,31,1011,6,0.536
129,2026-04-07,M4,1012,-36.940049281757354,True,25,1011,6,0.45
129,2026-04-07,M5,1012,-35.558613371607265,True,50,1011,9,1.142
130,2026-04-08,M1,1013,-39.142665975791886,True,18,1012,5,0.529
130,2026-04-08,M2,1013,-36.707980334219585,True,26,1012,7,0.512
130,2026-04-08,M3,1013,-40.207201163204594,True,26,1012,6,0.578
130,2026-04-08,M4,1013,-37.955942101111106,True,25,1012,6,0.434
130,2026-04-08,M5,1013,-36.558808170942925,True,44,1012,9,1.113
131,2026-04-09,M1,1014,-40.192739758974795,True,17,1013,5,0.299
131,2026-04-09,M2,1014,-37.75968020748798,True,27,1013,7,1.062
131,2026-04-09,M3,1014,-41.259419664526526,True,20,1013,6,0.384
131,2026-04-09,M4,1014,-39.0068304316879,True,26,1013,6,0.469
131,2026-04-09,M5,1014,-37.61347418568324,True,50,1013,9,1.361
132,2026-04-10,M1,1015,-41.16855605327639,True,18,1014,5,0.32
132,2026-04-10,M2,1015,-38.73752370264266,True,28,1014,7,0.63
132,2026-04-10,M3,1015,-42.249309707292596,True,24,1014,6,0.422
132,2026-04-10,M4,1015,-39.98471813666138,True,26,1014,6,0.461
132,2026-04-10,M5,1015,-38.60652908038847,True,42,1014,9,1.096
133,2026-04-11,M1,1016,-41.976729280663,True,18,1015,5,0.297
133,2026-04-11,M2,1016,-39.546297757668,True,27,1015,7,0.543
133,2026-04-11,M3,1016,-43.060838107984544,True,24,1015,6,0.425
133,2026-04-11,M4,1016,-40.78986320806472,True,26,1015,6,0.662
133,2026-04-11,M5,1016,-39.41647550776911,True,54,1015,9,1.368
134,2026-04-12,M1,1017,-42.593203820282554,True,17,1016,5,0.319
134,2026-04-12,M2,1017,-40.164665744317475,True,27,1016,7,0.546
134,2026-04-12,M3,1017,-43.68681385977897,True,24,1016,6,0.459
134,2026-04-12,M4,1017,-41.41249622865597,True,26,1016,6,0.468
134,2026-04-12,M5,1017,-40.04897134015721,True,56,1016,9,1.364
135,2026-04-13,M1,1018,-42.50641403185389,True,18,1017,5,0.317
135,2026-04-13,M2,1018,-40.07722019898421,True,26,1017,7,0.532
135,2026-04-13,M3,1018,-43.584815286023414,True,26,1017,6,0.463
135,2026-04-13,M4,1018,-41.36029655743348,True,25,1017,6,0.454
135,2026-04-13,M5,1018,-39.97959942426114,True,55,1017,9,1.342
136,2026-04-14,M1,1019,-43.277444948651706,True,18,1018,5,0.302
136,2026-04-14,M2,1019,-40.85009102725749,True,24,1018,7,0.452
136,2026-04-14,M3,1019,-44.378516762317346,True,26,1018,6,0.465
136,2026-04-14,M4,1019,-42.12099280198803,True,25,1018,6,0.451
136,2026-04-14,M5,1019,-40.76481684955672,True,52,1018,9,1.262
137,2026-04-15,M1,1020,-44.31738932539686,True,18,1019,5,0.329
137,2026-04-15,M2,1020,-41.891670203767106,True,24,1019,7,0.464
137,2026-04-15,M3,1020,-45.41128339903365,True,28,1019,6,0.662
137,2026-04-15,M4,1020,-43.16356563851768,True,26,1019,6,0.543
137,2026-04-15,M5,1020,-41.80285045595501,True,48,1019,9,1.161
138,2026-04-16,M1,1021,-45.31842108038172,True,17,1020,5,0.294
138,2026-04-16,M2,1021,-42.89419985442672,True,27,1020,7,0.545
138,2026-04-16,M3,1021,-46.39942980600471,True,24,1020,6,0.405
138,2026-04-16,M4,1021,-44.16752527342835,True,25,1020,6,0.448
138,2026-04-16,M5,1021,-42.79649608876992,True,47,1020,9,1.109
139,2026-04-17,M1,1022,-45.895600708591644,True,18,1021,5,0.304
139,2026-04-17,M2,1022,-43.472308397640205,True,28,1021,7,0.613
139,2026-04-17,M3,1022,-46.85491421427618,True,21,1021,6,0.37
139,2026-04-17,M4,1022,-44.741396485547355,True,25,1021,6,0.439
139,2026-04-17,M5,1022,-43.25439291622601,True,56,1021,9,1.418
140,2026-04-18,M1,1023,-42.297118942177995,True,16,1022,5,0.278
140,2026-04-18,M2,1023,-39.866965798647726,True,27,1022,7,0.513
140,2026-04-18,M3,1023,-43.07591515752139,True,29,1022,6,0.494
140,2026-04-18,M4,1023,-41.1388804185349,True,30,1022,6,0.503
140,2026-04-18,M5,1023,-39.46983963992152,True,53,1022,9,1.302
141,2026-04-19,M1,1024,-38.0949204924831,True,17,1023,5,0.295
141,2026-04-19,M2,1024,-35.660553369440336,True,25,1023,7,0.518
141,2026-04-19,M3,1024,-39.02739072944958,True,31,1023,6,0.54
141,2026-04-19,M4,1024,-36.91567649746786,True,25,1023,6,0.453
141,2026-04-19,M5,1024,-35.39215426754062,True,44,1023,9,1.088
142,2026-04-20,M1,1025,-38.69571896397151,True,18,1024,5,0.303
142,2026-04-20,M2,1025,-36.261410958062314,True,27,1024,7,0.555
142,2026-04-20,M3,1025,-39.66223101324476,True,27,1024,6,0.496
142,2026-04-20,M4,1025,-37.51484876445214,True,25,1024,6,0.443
142,2026-04-20,M5,1025,-36.02460848084534,True,55,1024,9,1.272
143,2026-04-21,M1,1026,-39.369411406192654,True,17,1025,5,0.28
143,2026-04-21,M2,1026,-36.93587513016543,True,27,1025,7,0.555
143,2026-04-21,M3,1026,-40.34361010949593,True,34,1025,6,0.576
143,2026-04-21,M4,1026,-38.19002360233398,True,28,1025,6,0.472
143,2026-04-21,M5,1026,-36.70757608175143,True,47,1025,9,1.139
144,2026-04-22,M1,1027,-39.36352351134292,True,19,1026,5,0.327
144,2026-04-22,M2,1027,-36.93103579254852,True,26,1026,7,0.622
144,2026-04-22,M3,1027,-40.293392492062736,True,25,1026,6,0.449
144,2026-04-22,M4,1027,-38.17912944860093,True,26,1026,6,0.485
144,2026-04-22,M5,1027,-36.65643330297473,True,36,1026,9,0.88
145,2026-04-23,M1,1028,-39.68119551993873,True,18,1027,5,0.294
145,2026-04-23,M2,1028,-37.249361350080754,True,26,1027,7,0.526
145,2026-04-23,M3,1028,-40.55872247164935,True,27,1027,6,0.512
145,2026-04-23,M4,1028,-38.491964740195,True,26,1027,6,0.482
145,2026-04-23,M5,1028,-36.92082428654294,True,55,1027,9,1.243
146,2026-04-24,M1,1029,-38.02168607876149,True,18,1028,5,0.302
146,2026-04-24,M2,1029,-35.58606283591138,True,28,1028,7,0.531
146,2026-04-24,M3,1029,-38.89515519493816,True,24,1028,6,0.438
146,2026-04-24,M4,1029,-36.83902830657157,True,29,1028,6,0.483
146,2026-04-24,M5,1029,-35.257988197578996,True,49,1028,9,1.162
147,2026-04-25,M1,1030,-37.98289933784359,True,19,1029,5,0.311
147,2026-04-25,M2,1030,-35.549272739401836,True,28,1029,7,0.592
147,2026-04-25,M3,1030,-38.945508337883915,True,30,1029,6,0.545
147,2026-04-25,M4,1030,-36.79077490190529,True,26,1029,6,0.47
147,2026-04-25,M5,1030,-35.299142450339005,True,45,1029,9,1.066
148,2026-04-26,M1,1031,-38.98639512716476,True,19,1030,5,0.308
148,2026-04-26,M2,1031,-36.554251124268944,True,27,1030,7,0.67
148,2026-04-26,M3,1031,-39.93952279163487,True,24,1030,6,0.441
148,2026-04-26,M4,1031,-37.79731072919391,True,23,1030,6,0.413
148,2026-04-26,M5,1031,-36.29815737925006,True,56,1030,9,1.341
149,2026-04-27,M1,1032,-39.10338392756306,True,18,1031,5,0.297
149,2026-04-27,M2,1032,-36.672758977162026,True,26,1031,7,0.541
149,2026-04-27,M3,1032,-40.09500368259957,True,24,1031,6,0.448
149,2026-04-27,M4,1032,-37.925325393973424,True,29,1031,6,0.497
149,2026-04-27,M5,1032,-36.46401029918384,True,53,1031,9,1.291
150,2026-04-28,M1,1033,-39.836821552740204,True,18,1032,5,0.308
150,2026-04-28,M2,1033,-37.59558226296413,True,26,1032,7,0.521
150,2026-04-28,M3,1033,-40.808220479058434,True,28,1032,6,0.507
150,2026-04-28,M4,1033,-38.662426819836085,True,24,1032,6,0.445
150,2026-04-28,M5,1033,-37.39737693995056,True,54,1032,9,1.289
151,2026-04-29,M1,1034,-40.09852323215787,True,19,1033,5,0.306
151,2026-04-29,M2,1034,-37.57894380475644,True,28,1033,7,0.577
151,2026-04-29,M3,1034,-41.13839501275456,True,26,1033,6,0.458
151,2026-04-29,M4,1034,-38.92033804245156,True,26,1033,6,0.427
151,2026-04-29,M5,1034,-37.41351993825569,True,49,1033,9,1.146
152,2026-04-30,M1,1035,-35.51630583260118,True,17,1034,5,0.288
152,2026-04-30,M2,1035,-32.46562403510045,True,24,1034,7,0.518
152,2026-04-30,M3,1035,-36.62112243945286,True,22,1034,6,0.407
152,2026-04-30,M4,1035,-34.33475990167936,True,26,1034,6,0.45
152,2026-04-30,M5,1035,-32.277657231958756,True,53,1034,9,1.344
153,2026-05-01,M1,1036,-35.208315001211645,True,18,1035,5,0.308
153,2026-05-01,M2,1036,-31.972101069908284,True,28,1035,7,0.612
153,2026-05-01,M3,1036,-36.24346943752575,True,21,1035,6,0.429
153,2026-05-01,M4,1036,-34.0364885248336,True,23,1035,6,0.447
153,2026-05-01,M5,1036,-31.68713800103686,True,52,1035,9,1.291
154,2026-05-02,M1,1037,-34.64806491911831,True,12,1036,5,0.247
154,2026-05-02,M2,1037,-31.57045856407133,True,24,1036,7,0.51
154,2026-05-02,M3,1037,-35.63665033820915,True,27,1036,6,0.499
154,2026-05-02,M4,1037,-33.45661517381642,True,25,1036,6,0.412
154,2026-05-02,M5,1037,-31.254993999882817,True,45,1036,9,1.156
155,2026-05-03,M1,1038,-35.686334749699746,True,19,1037,5,0.313
155,2026-05-03,M2,1038,-32.597312151037414,True,25,1037,7,0.522
155,2026-05-03,M3,1038,-36.68005850841249,True,25,1037,6,0.465
155,2026-05-03,M4,1038,-34.496785427724696,True,26,1037,6,0.498
155,2026-05-03,M5,1038,-32.28833461697079,True,58,1037,9,1.453
156,2026-05-04,M1,1039,-36.720461018310644,True,18,1038,5,0.307
156,2026-05-04,M2,1039,-33.64041171139234,True,23,1038,7,0.481
156,2026-05-04,M3,1039,-37.71306340613152,True,26,1038,6,0.488
156,2026-05-04,M4,1039,-35.53467031168888,True,26,1038,6,0.457
156,2026-05-04,M5,1039,-33.33562671018551,True,47,1038,9,1.179
157,2026-05-05,M1,1040,-36.762049233145305,True,18,1039,5,0.305
157,2026-05-05,M2,1040,-33.76337621456621,True,26,1039,7,0.543
157,2026-05-05,M3,1040,-37.54271324184133,True,23,1039,6,0.43
157,2026-05-05,M4,1040,-35.5930666231216,True,28,1039,6,0.647
157,2026-05-05,M5,1040,-33.295324723310536,True,59,1039,9,1.602
158,2026-05-06,M1,1041,-37.805250114851425,True,18,1040,5,0.312
158,2026-05-06,M2,1041,-34.81055696736094,True,27,1040,7,0.59
158,2026-05-06,M3,1041,-38.57519025007001,True,28,1040,6,0.539
158,2026-05-06,M4,1041,-36.63789388347906,True,31,1040,6,0.517
158,2026-05-06,M5,1041,-34.3404323590606,True,49,1040,9,1.335
159,2026-05-07,M1,1042,-38.02262326283912,True,17,1041,5,0.293
159,2026-05-07,M2,1042,-34.972913514899204,True,26,1041,7,0.56
159,2026-05-07,M3,1042,-38.937946122061405,True,29,1041,6,0.527
159,2026-05-07,M4,1042,-36.84563709374255,True,24,1041,6,0.449
159,2026-05-07,M5,1042,-34.62907405090783,True,59,1041,9,1.489
160,2026-05-08,M1,1043,-39.06599466998547,True,18,1042,5,0.303
160,2026-05-08,M2,1043,-36.01996602725737,True,26,1042,7,0.574
160,2026-05-08,M3,1043,-39.97121343981542,True,25,1042,6,0.459
160,2026-05-08,M4,1043,-37.89013458253617,True,24,1042,6,0.445
160,2026-05-08,M5,1043,-35.67194058204309,True,52,1042,9,1.274
161,2026-05-09,M1,1044,-39.89802411313546,True,16,1043,5,0.276
161,2026-05-09,M2,1044,-36.83301939753677,True,24,1043,7,0.541
161,2026-05-09,M3,1044,-40.85313593909572,True,29,1043,6,0.532
161,2026-05-09,M4,1044,-38.72274981745551,True,23,1043,6,0.428
161,2026-05-09,M5,1044,-36.53200396021816,True,51,1043,9,1.236
162,2026-05-10,M1,1045,-40.822916549578636,True,18,1044,5,0.325
162,2026-05-10,M2,1045,-37.77078914946159,True,26,1044,7,0.56
162,2026-05-10,M3,1045,-41.74308360402933,True,21,1044,6,0.402
162,2026-05-10,M4,1045,-39.64726182434437,True,23,1044,6,0.435
162,2026-05-10,M5,1045,-37.440698674377224,True,59,1044,9,1.412
163,2026-05-11,M1,1046,-41.48991260078927,True,18,1045,5,0.3
163,2026-05-11,M2,1046,-38.45655295591083,True,23,1045,7,0.526
163,2026-05-11,M3,1046,-42.35327221923728,True,31,1045,6,0.53
163,2026-05-11,M4,1046,-40.33761496884955,True,24,1045,6,0.452
163,2026-05-11,M5,1046,-38.09916002107225,True,46,1045,9,1.076
164,2026-05-12,M1,1047,-42.452722882462524,True,17,1046,5,0.341
164,2026-05-12,M2,1047,-39.41270036884187,True,24,1046,7,0.504
164,2026-05-12,M3,1047,-43.331841426584845,True,19,1046,6,0.371
164,2026-05-12,M4,1047,-41.293450430212985,True,25,1046,6,0.464
164,2026-05-12,M5,1047,-39.06348008321474,True,47,1046,9,1.206
165,2026-05-13,M1,1048,-41.50609850169515,True,18,1047,5,0.306
165,2026-05-13,M2,1048,-38.43560350567246,True,24,1047,7,0.509
165,2026-05-13,M3,1048,-42.40348866348161,True,23,1047,6,0.453
165,2026-05-13,M4,1048,-40.31812917926838,True,27,1047,6,0.457
165,2026-05-13,M5,1048,-38.071088145960644,True,56,1047,9,1.356
166,2026-05-14,M1,1049,-42.555176866744944,True,18,1048,5,0.301
166,2026-05-14,M2,1049,-39.454495474627606,True,24,1048,7,0.531
166,2026-05-14,M3,1049,-43.4567708353968,True,29,1048,6,0.511
166,2026-05-14,M4,1049,-41.36845292482725,True,28,1048,6,0.488
166,2026-05-14,M5,1049,-39.094401006502906,True,48,1048,9,1.15
167,2026-05-15,M1,1050,-43.59818534092017,True,18,1049,5,0.31
167,2026-05-15,M2,1050,-40.50719755027489,True,21,1049,7,0.466
167,2026-05-15,M3,1050,-44.50526402148902,True,27,1049,6,0.48
167,2026-05-15,M4,1050,-42.41180270250995,True,27,1049,6,0.451
167,2026-05-15,M5,1050,-40.14950560123714,True,50,1049,9,1.234
168,2026-05-16,M1,1051,-43.996991289421786,True,18,1050,5,0.294
168,2026-05-16,M2,1051,-41.04173878714704,True,26,1050,7,0.523
168,2026-05-16,M3,1051,-44.9395425265805,True,23,1050,6,0.457
168,2026-05-16,M4,1051,-42.80950222315604,True,27,1050,6,0.451
168,2026-05-16,M5,1051,-40.73473489156926,True,44,1050,9,1.053
169,2026-05-17,M1,1052,-44.31394955537158,True,18,1051,5,0.399
169,2026-05-17,M2,1052,-41.48822172207964,True,23,1051,7,0.481
169,2026-05-17,M3,1052,-45.29108432586867,True,23,1051,6,0.441
169,2026-05-17,M4,1052,-43.12902198134558,True,26,1051,6,0.434
169,2026-05-17,M5,1052,-41.23255697154258,True,55,1051,9,1.283
170,2026-05-18,M1,1053,-44.385612017158834,True,18,1052,5,0.303
170,2026-05-18,M2,1053,-41.69406139940244,True,26,1052,7,0.548
170,2026-05-18,M3,1053,-45.399671009804976,True,25,1052,6,0.426
170,2026-05-18,M4,1053,-43.19916520951743,True,26,1052,6,0.446
170,2026-05-18,M5,1053,-41.48941811536821,True,55,1052,9,1.279
171,2026-05-19,M1,1054,-44.74855379153185,True,17,1053,5,0.277
171,2026-05-19,M2,1054,-41.95518584568214,True,19,1053,7,0.45
171,2026-05-19,M3,1054,-45.73422131330058,True,22,1053,6,0.427
171,2026-05-19,M4,1054,-43.558128419007375,True,26,1053,6,0.522
171,2026-05-19,M5,1054,-41.701197914283576,True,53,1053,9,1.296
172,2026-05-20,M1,1055,-44.50876098467337,True,17,1054,5,0.303
172,2026-05-20,M2,1055,-41.601781507457304,True,16,1054,7,0.377
172,2026-05-20,M3,1055,-45.42731978801883,True,30,1054,6,0.683
172,2026-05-20,M4,1055,-43.31116279252485,True,27,1054,6,0.449
172,2026-05-20,M5,1055,-41.255715799782976,True,49,1054,9,1.14
173,2026-05-21,M1,1056,-43.872974926892056,True,14,1055,5,0.262
173,2026-05-21,M2,1056,-40.86119538116279,True,18,1055,7,0.436
173,2026-05-21,M3,1056,-44.724437204861104,True,31,1055,6,0.569
173,2026-05-21,M4,1056,-42.669553626914634,True,24,1055,6,0.433
173,2026-05-21,M5,1056,-40.426811099504974,True,45,1055,9,1.109
174,2026-05-22,M1,1057,-44.11470837649112,True,16,1056,5,0.291
174,2026-05-22,M2,1057,-41.044406589984646,True,26,1056,7,0.53
174,2026-05-22,M3,1057,-44.865860267745425,True,27,1056,6,0.571
174,2026-05-22,M4,1057,-42.90968760788432,True,26,1056,6,0.485
174,2026-05-22,M5,1057,-40.49966018104409,True,51,1056,9,1.251
175,2026-05-23,M1,1058,-44.98508646711881,True,17,1057,5,0.383
175,2026-05-23,M2,1058,-41.89251284657952,True,24,1057,7,0.535
175,2026-05-23,M3,1058,-45.68809310821776,True,23,1057,6,0.447
175,2026-05-23,M4,1058,-43.7804192781429,True,26,1057,6,0.481
175,2026-05-23,M5,1058,-41.295621469886626,True,47,1057,9,1.133
176,2026-05-24,M1,1059,-45.049364247984116,True,16,1058,5,0.286
176,2026-05-24,M2,1059,-41.914002131789296,True,22,1058,7,0.479
176,2026-05-24,M3,1059,-45.65096773639696,True,27,1058,6,0.502
176,2026-05-24,M4,1059,-43.84371055001817,True,27,1058,6,0.533
176,2026-05-24,M5,1059,-41.21126004339921,True,43,1058,9,1.106
177,2026-05-25,M1,1060,-44.84997470027093,True,18,1059,5,0.321
177,2026-05-25,M2,1060,-41.67571957641258,True,21,1059,7,0.536
177,2026-05-25,M3,1060,-45.34617116002501,True,29,1059,6,0.539
177,2026-05-25,M4,1060,-43.6445019505727,True,25,1059,6,0.452
177,2026-05-25,M5,1060,-40.8662698980484,True,50,1059,9,1.219
178,2026-05-26,M1,1061,-45.14780729350135,True,14,1060,5,0.25
178,2026-05-26,M2,1061,-41.997875257664525,True,26,1060,7,0.564
178,2026-05-26,M3,1061,-45.663518736395844,True,23,1060,6,0.43
178,2026-05-26,M4,1061,-43.94137407818305,True,26,1060,6,0.469
178,2026-05-26,M5,1061,-41.20851337043777,True,42,1060,9,1.063
179,2026-05-27,M1,1062,-45.8216283270506,True,17,1061,5,0.318
179,2026-05-27,M2,1062,-42.65824449607118,True,26,1061,7,0.551
179,2026-05-27,M3,1062,-46.29394627512256,True,22,1061,6,0.392
179,2026-05-27,M4,1062,-44.61488806717811,True,26,1061,6,0.692
179,2026-05-27,M5,1062,-41.82521975743191,True,52,1061,9,1.224
180,2026-05-28,M1,1063,-46.05389665384747,True,14,1062,5,0.262
180,2026-05-28,M2,1063,-42.8733436136483,True,22,1062,7,0.495
180,2026-05-28,M3,1063,-46.52705010726536,True,30,1062,6,0.56
180,2026-05-28,M4,1063,-44.84432405662946,True,25,1062,6,0.863
180,2026-05-28,M5,1063,-42.03696627579566,True,57,1062,9,1.405
181,2026-05-29,M1,1064,-46.79279543632204,True,18,1063,5,0.366
181,2026-05-29,M2,1064,-43.6045214258199,True,22,1063,7,0.464
181,2026-05-29,M3,1064,-47.230825465387966,True,22,1063,6,0.435
181,2026-05-29,M4,1064,-45.58255150366699,True,24,1063,6,0.463
181,2026-05-29,M5,1064,-42.7331729589942,True,47,1063,9,1.194
182,2026-05-30,M1,1065,-46.81130029427735,True,18,1064,5,0.305
182,2026-05-30,M2,1065,-43.611938165293495,True,23,1064,7,0.523
182,2026-05-30,M3,1065,-47.14061537906772,True,26,1064,6,0.483
182,2026-05-30,M4,1065,-45.5992835982367,True,26,1064,6,0.592
182,2026-05-30,M5,1065,-42.634849255204635,True,57,1064,9,1.41
183,2026-05-31,M1,1066,-46.53133664847505,True,19,1065,5,0.339
183,2026-05-31,M2,1066,-43.34143243196584,True,27,1065,7,0.602
183,2026-05-31,M3,1066,-46.962584193866846,True,30,1065,6,0.537
183,2026-05-31,M4,1066,-45.32010772160987,True,29,1065,6,0.532
183,2026-05-31,M5,1066,-42.461370933975196,True,58,1065,9,1.443
184,2026-06-01,M1,1067,-42.01851947505663,True,19,1066,5,0.345
184,2026-06-01,M2,1067,-38.81210132600266,True,20,1066,7,0.481
184,2026-06-01,M3,1067,-42.25003411440194,True,26,1066,6,0.512
184,2026-06-01,M4,1067,-40.84238498902021,True,25,1066,6,0.436
184,2026-06-01,M5,1067,-37.77532931971584,True,55,1066,9,1.328
185,2026-06-02,M1,1068,-43.0436223496628,True,17,1067,5,0.293
185,2026-06-02,M2,1068,-39.837214747357386,True,23,1067,7,0.507
185,2026-06-02,M3,1068,-43.26382523200755,True,30,1067,6,0.53
185,2026-06-02,M4,1068,-41.87023179506042,True,27,1067,6,0.567
185,2026-06-02,M5,1068,-38.79281164884233,True,50,1067,9,1.197
186,2026-06-03,M1,1069,-41.69557860921584,True,16,1068,5,0.274
186,2026-06-03,M2,1069,-38.486830335998135,True,24,1068,7,0.66
186,2026-06-03,M3,1069,-41.84679616136001,True,26,1068,6,0.504
186,2026-06-03,M4,1069,-40.540279295953056,True,27,1068,6,0.477
186,2026-06-03,M5,1069,-37.396049535093894,True,57,1068,9,1.37
187,2026-06-04,M1,1070,-38.95412214314582,True,8,1069,5,0.182
187,2026-06-04,M2,1070,-35.74343869528546,True,23,1069,7,0.541
187,2026-06-04,M3,1070,-38.90086376796209,True,25,1069,6,0.486
187,2026-06-04,M4,1070,-37.81859034258447,True,25,1069,6,0.451
187,2026-06-04,M5,1070,-34.48192060446574,True,59,1069,9,1.504
188,2026-06-05,M1,1071,-39.933843762183685,True,16,1070,5,0.32
188,2026-06-05,M2,1071,-36.7232238295681,True,23,1070,7,0.504
188,2026-06-05,M3,1071,-39.888765215442845,True,26,1070,6,0.505
188,2026-06-05,M4,1071,-38.79557807725308,True,25,1070,6,0.452
188,2026-06-05,M5,1071,-35.46663720525507,True,58,1070,9,1.427
189,2026-06-06,M1,1072,-40.88724625462841,True,17,1071,5,0.3
189,2026-06-06,M2,1072,-37.67590616917264,True,24,1071,7,0.53
189,2026-06-06,M3,1072,-40.86016084816893,True,26,1071,6,0.493
189,2026-06-06,M4,1072,-39.74628872982458,True,25,1071,6,0.451
189,2026-06-06,M5,1072,-36.43363670407216,True,64,1071,9,1.553
190,2026-06-07,M1,1073,-39.08668232875162,True,12,1072,5,0.219
190,2026-06-07,M2,1073,-35.86794098329615,True,21,1072,7,0.475
190,2026-06-07,M3,1073,-39.13666408566749,True,31,1072,6,0.572
190,2026-06-07,M4,1073,-37.93331299620931,True,25,1072,6,0.466
190,2026-06-07,M5,1073,-34.6834663701645,True,57,1072,9,1.354
191,2026-06-08,M1,1074,-39.96906588234054,True,16,1073,5,0.268
191,2026-06-08,M2,1074,-36.75217745564561,True,24,1073,7,0.503
191,2026-06-08,M3,1074,-40.00265440036952,True,28,1073,6,0.535
191,2026-06-08,M4,1074,-38.82885554706586,True,26,1073,6,0.465
191,2026-06-08,M5,1074,-35.565840983273155,True,51,1073,9,1.246
192,2026-06-09,M1,1075,-40.654855738952634,True,17,1074,5,0.291
192,2026-06-09,M2,1075,-37.58863682384948,True,23,1074,7,0.514
192,2026-06-09,M3,1075,-40.65311216438197,True,25,1074,6,0.444
192,2026-06-09,M4,1075,-39.52688680731427,True,25,1074,6,0.445
192,2026-06-09,M5,1075,-36.409137397066004,True,52,1074,9,1.255
193,2026-06-10,M1,1076,-38.1649522199793,True,12,1075,5,0.219
193,2026-06-10,M2,1076,-34.73419656956242,True,21,1075,7,0.498
193,2026-06-10,M3,1076,-38.40141719278697,True,25,1075,6,0.462
193,2026-06-10,M4,1076,-37.002530561002864,True,26,1075,6,0.483
193,2026-06-10,M5,1076,-33.691575923744594,True,60,1075,9,1.44
194,2026-06-11,M1,1077,-37.30395041877433,True,18,1076,5,0.36
194,2026-06-11,M2,1077,-34.079672263261564,True,26,1076,7,0.589
194,2026-06-11,M3,1077,-37.22042771190996,True,25,1076,6,0.681
194,2026-06-11,M4,1077,-36.15412072950164,True,26,1076,6,0.614
194,2026-06-11,M5,1077,-32.80504811890711,True,40,1076,9,0.991
195,2026-06-12,M1,1078,-34.94302841515194,True,12,1077,5,0.226
195,2026-06-12,M2,1078,-31.479438932855196,True,23,1077,7,0.533
195,2026-06-12,M3,1078,-35.25199527788482,True,26,1077,6,0.52
195,2026-06-12,M4,1078,-33.77857985154382,True,26,1077,6,0.515
195,2026-06-12,M5,1078,-30.529913706707987,True,69,1077,9,1.772
196,2026-06-13,M1,1079,-35.86489211844523,True,17,1078,5,0.308
196,2026-06-13,M2,1079,-32.433904143988464,True,22,1078,7,0.456
196,2026-06-13,M3,1079,-36.11922102135692,True,29,1078,6,0.526
196,2026-06-13,M4,1079,-34.702054802319566,True,26,1078,6,0.49
196,2026-06-13,M5,1079,-31.449596717793145,True,43,1078,9,1.128
197,2026-06-14,M1,1080,-35.46971994944683,True,17,1079,5,0.299
197,2026-06-14,M2,1080,-31.940980442196945,True,24,1079,7,0.555
197,2026-06-14,M3,1080,-35.88226173703993,True,28,1079,6,0.578
197,2026-06-14,M4,1080,-34.30790858852699,True,26,1079,6,0.494
197,2026-06-14,M5,1080,-31.090010930556797,True,54,1079,9,1.353
198,2026-06-15,M1,1081,-33.81910221687704,True,19,1080,5,0.341
198,2026-06-15,M2,1081,-30.189155508994375,True,24,1080,7,0.5
198,2026-06-15,M3,1081,-34.42095209049576,True,27,1080,6,0.513
198,2026-06-15,M4,1081,-32.61025826926251,True,25,1080,6,0.458
198,2026-06-15,M5,1081,-29.454928387392293,True,53,1080,9,1.308
199,2026-06-16,M1,1082,-31.096552641015233,True,18,1081,5,0.323
199,2026-06-16,M2,1082,-27.380625753111815,True,22,1081,7,0.489
199,2026-06-16,M3,1082,-31.395926039376473,True,28,1081,6,0.517
199,2026-06-16,M4,1082,-29.86062622183574,True,26,1081,6,0.49
199,2026-06-16,M5,1082,-26.298658902515612,True,58,1081,9,1.492
200,2026-06-17,M1,1083,-32.111010630730334,True,17,1082,5,0.388
200,2026-06-17,M2,1083,-28.370348285848557,True,23,1082,7,0.5
200,2026-06-17,M3,1083,-32.42515526244334,True,29,1082,6,0.508
200,2026-06-17,M4,1083,-30.876472608228607,True,26,1082,6,0.523
200,2026-06-17,M5,1083,-27.302408034316038,True,50,1082,9,1.374
201,2026-06-18,M1,1084,-32.82421146293143,True,12,1083,5,0.225
201,2026-06-18,M2,1084,-29.03369404993107,True,21,1083,7,0.466
201,2026-06-18,M3,1084,-33.197013106226336,True,30,1083,6,0.533
201,2026-06-18,M4,1084,-31.59043879225035,True,26,1083,6,0.951
201,2026-06-18,M5,1084,-28.01091591375568,True,47,1083,9,1.214
202,2026-06-19,M1,1085,-33.81861585891592,True,18,1084,5,0.321
202,2026-06-19,M2,1085,-30.04220755982465,True,22,1084,7,0.505
202,2026-06-19,M3,1085,-34.19606501032338,True,31,1084,6,0.574
202,2026-06-19,M4,1085,-32.58535757165225,True,25,1084,6,0.465
202,2026-06-19,M5,1085,-29.028217784812608,True,51,1084,9,1.291
203,2026-06-20,M1,1086,-34.73503641965453,True,15,1085,5,0.27
203,2026-06-20,M2,1086,-30.937689329549514,True,23,1085,7,0.493
203,2026-06-20,M3,1086,-35.146577864823485,True,20,1085,6,0.378
203,2026-06-20,M4,1086,-33.50230994133331,True,29,1085,6,0.539
203,2026-06-20,M5,1086,-29.95278803247806,True,42,1085,9,1.117
204,2026-06-21,M1,1087,-35.09314968319992,True,14,1086,5,0.239
204,2026-06-21,M2,1087,-31.25823102556666,True,21,1086,7,0.511
204,2026-06-21,M3,1087,-35.55695170341001,True,23,1086,6,0.436
204,2026-06-21,M4,1087,-33.860055673397625,True,31,1086,6,0.537
204,2026-06-21,M5,1087,-30.31000619688023,True,48,1086,9,1.135
205,2026-06-22,M1,1088,-34.417172012592765,True,17,1087,5,0.297
205,2026-06-22,M2,1088,-30.53713358958617,True,28,1087,7,0.594
205,2026-06-22,M3,1088,-34.942205338644136,True,21,1087,6,0.419
205,2026-06-22,M4,1088,-33.13113096328527,True,27,1087,6,0.507
205,2026-06-22,M5,1088,-29.58725300487294,True,44,1087,9,1.073
206,2026-06-23,M1,1089,-13.958144623113583,True,11,1088,5,0.202
206,2026-06-23,M2,1089,-10.216691957111895,True,21,1088,7,0.525
206,2026-06-23,M3,1089,-14.385520829147438,True,18,1088,6,0.404
206,2026-06-23,M4,1089,-12.779921784953068,True,28,1088,6,0.518
206,2026-06-23,M5,1089,-9.31430659217338,True,48,1088,9,1.242
207,2026-06-24,M1,1090,-13.30177617798289,True,17,1089,5,0.304
207,2026-06-24,M2,1090,-9.600901400332866,True,21,1089,7,0.505
207,2026-06-24,M3,1090,-13.683604418646787,True,19,1089,6,0.4
207,2026-06-24,M4,1090,-12.1643434162363,True,27,1089,6,0.488
207,2026-06-24,M5,1090,-8.70433498318436,True,61,1089,9,1.504
208,2026-06-25,M1,1091,-8.845783008778122,True,18,1090,5,0.322
208,2026-06-25,M2,1091,-5.0800422216134,True,22,1090,7,0.468
208,2026-06-25,M3,1091,-9.275942444268143,True,26,1090,6,0.501
208,2026-06-25,M4,1091,-7.619193691245467,True,29,1090,6,0.529
208,2026-06-25,M5,1091,-4.131447691895104,True,54,1090,9,1.414
209,2026-06-26,M1,1092,-8.770646876903482,True,19,1091,5,0.35
209,2026-06-26,M2,1092,-4.982628737176208,True,19,1091,7,0.429
209,2026-06-26,M3,1092,-9.253438884450633,True,30,1091,6,0.57
209,2026-06-26,M4,1092,-7.515409532401284,True,26,1091,6,0.473
209,2026-06-26,M5,1092,-4.053842950541036,True,50,1091,9,1.289
210,2026-06-27,M1,1093,-9.729655094378645,True,18,1092,5,0.338
210,2026-06-27,M2,1093,-5.937931655970072,True,17,1092,7,0.405
210,2026-06-27,M3,1093,-10.230548381383642,True,20,1092,6,0.385
210,2026-06-27,M4,1093,-8.470506971008842,True,23,1092,6,0.421
210,2026-06-27,M5,1093,-5.0229200264361715,True,52,1092,9,1.326
211,2026-06-28,M1,1094,-8.37033094370499,True,16,1093,5,0.304
211,2026-06-28,M2,1094,-4.557778763972996,True,23,1093,7,0.493
211,2026-06-28,M3,1094,-8.946310345874533,True,22,1093,6,0.466
211,2026-06-28,M4,1094,-7.087417635378269,True,26,1093,6,0.492
211,2026-06-28,M5,1094,-3.6884005028895075,True,44,1093,9,1.081
212,2026-06-29,M1,1095,-8.10988583297506,True,17,1094,5,0.316
212,2026-06-29,M2,1095,-4.28573754070519,True,22,1094,7,0.513
212,2026-06-29,M3,1095,-8.725815336057899,True,20,1094,6,0.402
212,2026-06-29,M4,1095,-6.5728986022052,True,27,1094,6,0.515
212,2026-06-29,M5,1095,-3.2543075701404085,True,52,1094,9,1.404
213,2026-06-30,M1,1096,-9.112125400727054,True,16,1095,5,0.303
213,2026-06-30,M2,1096,-5.287244056951742,True,21,1095,7,0.497
213,2026-06-30,M3,1096,-9.741367181070132,True,27,1095,6,0.512
213,2026-06-30,M4,1096,-7.554420229363981,True,28,1095,6,0.515
213,2026-06-30,M5,1096,-4.25923986739307,True,58,1095,9,1.471
214,2026-07-01,M1,1097,-9.39381727497666,True,8,1096,5,0.366
214,2026-07-01,M2,1097,-5.574264877351693,True,20,1096,7,0.487
214,2026-07-01,M3,1097,-9.961864593404231,True,23,1096,6,0.494
214,2026-07-01,M4,1097,-7.934724240041374,True,25,1096,6,0.483
214,2026-07-01,M5,1097,-4.568883770594411,True,52,1096,9,1.359
215,2026-07-02,M1,1098,-7.468170346432293,True,12,1097,5,0.281
215,2026-07-02,M2,1098,-3.657567370068991,True,22,1097,7,0.527
215,2026-07-02,M3,1098,-8.058774302279529,True,30,1097,6,0.559
215,2026-07-02,M4,1098,-6.201466218644045,True,26,1097,6,0.479
215,2026-07-02,M5,1098,-2.8341627842358896,True,54,1097,9,1.334
216,2026-07-03,M1,1099,-8.418815541504625,True,10,1098,5,0.224
216,2026-07-03,M2,1099,-4.607131189196711,True,21,1098,7,0.504
216,2026-07-03,M3,1099,-9.020597007734446,True,20,1098,6,0.437
216,2026-07-03,M4,1099,-7.122119954586195,True,25,1098,6,0.508
216,2026-07-03,M5,1099,-3.770931426088886,True,61,1098,9,1.487
