date,fitted,residual,abs_residual
2023-07-02,1.9466938679557693,6.053306132044231,6.053306132044231
2023-07-03,5.490630740041819,0.5093692599581807,0.5093692599581807
2023-07-04,5.277900533400704,4.722099466599296,4.722099466599296
2023-07-05,7.112320272209182,-0.11232027220918184,0.11232027220918184
2023-07-06,6.549537757634678,-0.5495377576346776,0.5495377576346776
2023-07-07,6.209845054456835,-1.209845054456835,1.209845054456835
2023-07-08,5.5731090353505515,1.4268909646494485,1.4268909646494485
2023-07-09,6.596103645851873,5.403896354148127,5.403896354148127
2023-07-10,8.087618484184958,-4.087618484184958,4.087618484184958
2023-07-11,6.397059425246024,0.6029405747539762,0.6029405747539762
2023-07-12,6.735691049791569,4.264308950208431,4.264308950208431
2023-07-13,8.037892229536126,4.962107770463874,4.962107770463874
2023-07-14,9.087185734745361,-3.0871857347453613,3.0871857347453613
2023-07-15,7.600977007697438,-0.6009770076974377,0.6009770076974377
2023-07-16,8.021406878668081,-0.02140687866808122,0.02140687866808122
2023-07-17,7.579802116780634,7.420197883219366,7.420197883219366
2023-07-18,10.215462351446781,1.7845376485532185,1.7845376485532185
2023-07-19,10.255506568054884,-0.2555065680548836,0.2555065680548836
2023-07-20,10.003967682749828,-0.003967682749827617,0.003967682749827617
2023-07-21,9.518249738187201,4.481750261812799,4.481750261812799
2023-07-22,11.061716200287709,-1.0617162002877087,1.0617162002877087
2023-07-23,10.327886548032566,-0.32788654803256634,0.32788654803256634
2023-07-24,10.805531108694218,-0.8055311086942183,0.8055311086942183
2023-07-25,10.436405951249373,1.5635940487506268,1.5635940487506268
2023-07-26,10.955860341326598,0.04413965867340153,0.04413965867340153
2023-07-27,10.873778025956947,6.1262219740430535,6.1262219740430535
2023-07-28,13.152999468151535,-2.1529994681515348,2.1529994681515348
2023-07-29,11.55066340787058,1.44933659212942,1.44933659212942
2023-07-30,12.220520137119781,-1.220520137119781,1.220520137119781
2023-07-31,11.769352221273504,2.230647778726496,2.230647778726496
2023-08-01,12.82671861294538,-3.8267186129453794,3.8267186129453794
2023-08-02,11.388903767124262,3.611096232875738,3.611096232875738
2023-08-03,13.461448713815326,2.538551286184674,2.538551286184674
2023-08-04,13.60317832009561,0.39682167990438977,0.39682167990438977
2023-08-05,13.627427394945274,-9.627427394945274,9.627427394945274
2023-08-06,10.413171822638171,1.586828177361829,1.586828177361829
2023-08-07,12.328762941351604,-1.328762941351604,1.328762941351604
2023-08-08,11.668161982360637,0.33183801763936316,0.33183801763936316
2023-08-09,12.471298862634292,-1.471298862634292,1.471298862634292
2023-08-10,12.184209799460106,6.815790200539894,6.815790200539894
2023-08-11,14.516778711611703,2.4832212883882967,2.4832212883882967
2023-08-12,13.985200482940666,-0.985200482940666,0.985200482940666
2023-08-13,13.962144683072202,-6.962144683072202,6.962144683072202
2023-08-14,11.850214555311126,7.149785444688874,7.149785444688874
2023-08-15,15.154462283313698,7.845537716686302,7.845537716686302
2023-08-16,17.057447421869952,-7.057447421869952,7.057447421869952
2023-08-17,14.506828168091824,1.4931718319081764,1.4931718319081764
2023-08-18,15.635449090630615,1.3645509093693846,1.3645509093693846
2023-08-19,15.884580058357637,-1.8845800583576366,1.8845800583576366
2023-08-20,14.854235059423045,0.14576494057695477,0.14576494057695477
2023-08-21,16.10288514074141,-1.1028851407414102,1.1028851407414102
2023-08-22,16.217829218438993,1.7821707815610068,1.7821707815610068
2023-08-23,16.170777444174085,-2.1707774441740852,2.1707774441740852
2023-08-24,15.895512157842012,-7.8955121578420115,7.8955121578420115
2023-08-25,13.839992316555206,0.16000768344479432,0.16000768344479432
2023-08-26,14.802056099756829,-4.802056099756829,4.802056099756829
2023-08-27,13.663956104482288,1.3360438955177116,1.3360438955177116
2023-08-28,14.85353641165477,-5.853536411654771,5.853536411654771
2023-08-29,13.330809109131202,-1.3308091091312022,1.3308091091312022
2023-08-30,13.478639278862754,2.5213607211372455,2.5213607211372455
2023-08-31,14.322769526131742,-2.322769526131742,2.322769526131742
2023-09-01,13.962206129537229,-2.962206129537229,2.962206129537229
2023-09-02,13.162076242005563,-3.162076242005563,3.162076242005563
2023-09-03,13.088878651149784,2.911121348850216,2.911121348850216
2023-09-04,14.230835142980562,-8.230835142980562,8.230835142980562
2023-09-05,11.763432314136276,5.236567685863724,5.236567685863724
2023-09-06,14.833290362958126,-0.8332903629581256,0.8332903629581256
2023-09-07,14.054637276980076,3.945362723019924,3.945362723019924
2023-09-08,15.486124813000693,-1.4861248130006928,1.4861248130006928
2023-09-09,14.715961369914094,-3.715961369914094,3.715961369914094
2023-09-10,14.272601134762303,-4.2726011347623025,4.2726011347623025
2023-09-11,12.86899848132963,2.13100151867037,2.13100151867037
2023-09-12,15.12073098921551,2.8792690107844905,2.8792690107844905
2023-09-13,15.912558554576197,-1.9125585545761972,1.9125585545761972
2023-09-14,15.464197410481198,-3.464197410481198,3.464197410481198
2023-09-15,14.46995179506117,-4.469951795061171,4.469951795061171
2023-09-16,13.490603544839798,-1.4906035448397983,1.4906035448397983
2023-09-17,13.766273872654278,3.2337261273457223,3.2337261273457223
2023-09-18,15.664132639344212,-3.6641326393442117,3.6641326393442117
2023-09-19,14.624317491986389,-2.624317491986389,2.624317491986389
2023-09-20,14.113004482618136,-0.11300448261813578,0.11300448261813578
2023-09-21,14.544380700062998,-1.544380700062998,1.544380700062998
2023-09-22,14.23202265058242,-0.23202265058242055,0.23202265058242055
2023-09-23,14.738687457637486,-2.738687457637486,2.738687457637486
2023-09-24,14.526772255754754,-5.526772255754754,5.526772255754754
2023-09-25,12.982840721453217,-5.982840721453217,5.982840721453217
2023-09-26,12.011075735708523,-0.011075735708523382,0.011075735708523382
2023-09-27,13.204060871949782,-1.2040608719497818,1.2040608719497818
2023-09-28,13.140859200376447,0.8591407996235532,0.8591407996235532
2023-09-29,13.90440515614198,3.09559484385802,3.09559484385802
2023-09-30,14.940023795269273,-6.940023795269273,6.940023795269273
2023-10-01,12.403019240415482,-4.403019240415482,4.403019240415482
2023-10-02,11.84660698688314,-0.8466069868831401,0.8466069868831401
2023-10-03,12.816975662786191,-2.8169756627861915,2.8169756627861915
2023-10-04,12.380282256366513,3.619717743633487,3.619717743633487
2023-10-05,14.297102613418673,1.702897386581327,1.702897386581327
2023-10-06,14.962116632702408,-2.9621166327024078,2.9621166327024078
2023-10-07,13.38797806144565,-4.387978061445651,4.387978061445651
2023-10-08,12.544703353082262,3.4552966469177377,3.4552966469177377
2023-10-09,14.676523771979365,2.3234762280206347,2.3234762280206347
2023-10-10,15.310008191856184,6.689991808143816,6.689991808143816
2023-10-11,17.820043430129726,7.179956569870274,7.179956569870274
2023-10-12,19.560940591157177,0.439059408842823,0.439059408842823
2023-10-13,18.723831442102764,2.276168557897236,2.276168557897236
2023-10-14,19.29180973298247,8.708190267017532,8.708190267017532
2023-10-15,22.537976577761086,-6.537976577761086,6.537976577761086
2023-10-16,19.736274107730605,4.263725892269395,4.263725892269395
2023-10-17,22.287390172111067,-5.287390172111067,5.287390172111067
2023-10-18,20.680106118581378,1.319893881418622,1.319893881418622
2023-10-19,21.549355595675394,6.450644404324606,6.450644404324606
2023-10-20,23.882978056560205,0.117021943439795,0.117021943439795
2023-10-21,23.927819233977683,-4.927819233977683,4.927819233977683
2023-10-22,21.625113169261162,3.3748868307388378,3.3748868307388378
2023-10-23,24.068460343598545,1.9315396564014549,1.9315396564014549
2023-10-24,24.15404546860228,2.8459545313977195,2.8459545313977195
2023-10-25,25.40370435000142,8.59629564999858,8.59629564999858
2023-10-26,28.460755592739968,-5.460755592739968,5.460755592739968
2023-10-27,25.641788227307657,9.358211772692343,9.358211772692343
2023-10-28,28.982286444502925,-9.982286444502925,9.982286444502925
2023-10-29,25.472805532419116,-6.472805532419116,6.472805532419116
2023-10-30,24.6995630909146,2.3004369090853984,2.3004369090853984
2023-10-31,26.659078238129222,-3.659078238129222,3.659078238129222
2023-11-01,26.120920777824246,-0.12092077782424582,0.12092077782424582
2023-11-02,25.950940057158235,10.049059942841765,10.049059942841765
2023-11-03,30.337137713875002,-0.337137713875002,0.337137713875002
2023-11-04,28.20590498376727,-0.20590498376726885,0.20590498376726885
2023-11-05,28.228873714541123,4.771126285458877,4.771126285458877
2023-11-06,30.556647677913972,4.443352322086028,4.443352322086028
2023-11-07,31.385671612764412,7.614328387235588,7.614328387235588
2023-11-08,33.667126999174165,-3.6671269991741653,3.6671269991741653
2023-11-09,32.463169395406304,1.5368306045936961,1.5368306045936961
2023-11-10,33.01744621144052,13.982553788559478,13.982553788559478
2023-11-11,37.441972601892616,-4.441972601892616,4.441972601892616
2023-11-12,34.98051958857572,1.0194804114242828,1.0194804114242828
2023-11-13,35.907320858369026,-4.907320858369026,4.907320858369026
2023-11-14,34.76596286640962,1.2340371335903768,1.2340371335903768
2023-11-15,35.291797457687835,-5.291797457687835,5.291797457687835
2023-11-16,34.05051836597208,-2.0505183659720814,2.0505183659720814
2023-11-17,35.124735723842655,0.8752642761573455,0.8752642761573455
2023-11-18,34.96120909124778,7.038790908752219,7.038790908752219
2023-11-19,37.588071451158406,6.411928548841594,6.411928548841594
2023-11-20,38.67782285525606,6.322177144743939,6.322177144743939
2023-11-21,40.38527289369852,-5.38527289369852,5.38527289369852
2023-11-22,37.57042400345876,-8.570424003458761,8.570424003458761
2023-11-23,35.63873807109729,-0.6387380710972934,0.6387380710972934
2023-11-24,36.970199547468525,6.029800452531475,6.029800452531475
2023-11-25,39.76364269446603,-8.763642694466029,8.763642694466029
2023-11-26,36.643758290852915,-9.643758290852915,9.643758290852915
2023-11-27,34.70937095436896,0.29062904563104297,0.29062904563104297
2023-11-28,35.52964661838959,-5.529646618389592,5.529646618389592
2023-11-29,33.69309032556873,16.306909674431267,16.306909674431267
2023-11-30,40.16656494485708,-5.166564944857079,5.166564944857079
2023-12-01,37.49779945406687,-8.497799454066872,8.497799454066872
2023-12-02,34.3967528213399,-1.396752821339902,1.396752821339902
2023-12-03,34.8530588745689,-3.8530588745689016,3.8530588745689016
2023-12-04,34.67856278738901,-1.678562787389012,1.678562787389012
2023-12-05,34.44167140129464,7.558328598705359,7.558328598705359
2023-12-06,38.699806777998646,15.300193222001354,15.300193222001354
2023-12-07,41.86195787149949,-2.8619578714994915,2.8619578714994915
2023-12-08,38.781359095732206,-4.781359095732206,4.781359095732206
2023-12-09,37.68741662094676,-1.6874166209467631,1.6874166209467631
2023-12-10,37.69303388209026,-1.693033882090262,1.693033882090262
2023-12-11,37.71235201301058,14.28764798698942,14.28764798698942
2023-12-12,43.28740847642383,5.712591523576172,5.712591523576172
2023-12-13,44.49446181449404,6.505538185505962,6.505538185505962
2023-12-14,44.71495055935691,3.2850494406430926,3.2850494406430926
2023-12-15,44.63096935236257,8.36903064763743,8.36903064763743
2023-12-16,47.034882666916424,-8.034882666916424,8.034882666916424
2023-12-17,43.530618549666755,-2.5306185496667553,2.5306185496667553
2023-12-18,44.70128993770479,7.298710062295207,7.298710062295207
2023-12-19,47.33830720003296,4.661692799967042,4.661692799967042
2023-12-20,48.302181390772,-2.302181390771999,2.302181390771999
2023-12-21,46.78562175597832,-7.785621755978319,7.785621755978319
2023-12-22,44.89105860931091,-6.89105860931091,6.89105860931091
2023-12-23,42.699199999065385,4.300800000934615,4.300800000934615
2023-12-24,45.23765029069229,6.762349709307713,6.762349709307713
2023-12-25,47.9192296346907,14.080770365309299,14.080770365309299
2023-12-26,51.66259913412094,-1.6625991341209385,1.6625991341209385
2023-12-27,49.02455225724787,-3.024552257247869,3.024552257247869
2023-12-28,47.52175197203028,-7.52175197203028,7.52175197203028
2023-12-29,45.4333454773027,-3.4333454773027015,3.4333454773027015
2023-12-30,45.94117929866516,1.058820701334838,1.058820701334838
2023-12-31,47.228993666086815,-14.228993666086815,14.228993666086815
2024-01-01,43.40292511129233,-0.4029251112923333,0.4029251112923333
2024-01-02,44.08882319733354,5.911176802666461,5.911176802666461
2024-01-03,46.05054564336373,-1.0505456433637335,1.0505456433637335
2024-01-04,44.699766341879354,13.300233658120646,13.300233658120646
2024-01-05,49.13533383206095,-7.135333832060951,7.135333832060951
2024-01-06,45.711844697371454,5.288155302628546,5.288155302628546
2024-01-07,46.9915659124143,2.008434087585698,2.008434087585698
2024-01-08,47.84329563955335,-0.8432956395533466,0.8432956395533466
2024-01-09,47.761842750741,-6.761842750741003,6.761842750741003
2024-01-10,45.29465306516826,9.705346934831738,9.705346934831738
2024-01-11,50.09633369584435,0.9036663041556494,0.9036663041556494
2024-01-12,48.27098127251888,-3.270981272518881,3.270981272518881
2024-01-13,47.584300195423005,6.415699804576995,6.415699804576995
2024-01-14,49.809093928361854,-11.809093928361854,11.809093928361854
2024-01-15,45.195995806404916,6.804004193595084,6.804004193595084
2024-01-16,48.16055894111244,-9.160558941112441,9.160558941112441
2024-01-17,45.624007429822825,-0.6240074298228251,0.6240074298228251
2024-01-18,46.06166248508576,-19.061662485085762,19.061662485085762
2024-01-19,39.739089194693356,-4.739089194693356,4.739089194693356
2024-01-20,41.038085475077196,-12.038085475077196,12.038085475077196
2024-01-21,36.928591338589975,-4.928591338589975,4.928591338589975
2024-01-22,37.823138543028946,11.176861456971054,11.176861456971054
2024-01-23,41.24386889665491,15.75613110334509,15.75613110334509
2024-01-24,45.505787458088015,3.4942125419119847,3.4942125419119847
2024-01-25,43.29396893142046,7.7060310685795415,7.7060310685795415
2024-01-26,45.520536370592026,-5.520536370592026,5.520536370592026
2024-01-27,42.25505684042362,-1.2550568404236202,1.2550568404236202
2024-01-28,42.45203032319028,-6.452030323190279,6.452030323190279
2024-01-29,41.731635306742696,6.268364693257304,6.268364693257304
2024-01-30,44.990967874040045,-7.990967874040045,7.990967874040045
2024-01-31,41.195306298479785,23.804693701520215,23.804693701520215
2024-02-01,49.668093736759225,7.331906263240775,7.331906263240775
2024-02-02,48.55151288315764,8.448487116842358,8.448487116842358
2024-02-03,49.94798612204567,-17.94798612204567,17.94798612204567
2024-02-04,42.57093083055244,0.42906916944755835,0.42906916944755835
2024-02-05,45.300113782880686,-1.3001137828806861,1.3001137828806861
2024-02-06,44.255340868149865,2.7446591318501348,2.7446591318501348
2024-02-07,47.186062273180724,-5.186062273180724,5.186062273180724
2024-02-08,44.55891187239703,-2.558911872397033,2.558911872397033
2024-02-09,44.160210577040544,22.839789422959456,22.839789422959456
2024-02-10,49.948488239477236,20.051511760522764,20.051511760522764
2024-02-11,54.45413803527023,19.545861964729767,19.545861964729767
2024-02-12,57.913566552245,-16.913566552245,16.913566552245
2024-02-13,49.88406943027165,-10.884069430271651,10.884069430271651
2024-02-14,47.38707967476947,-4.387079674769467,4.387079674769467
2024-02-15,47.32874472275599,-9.328744722755992,9.328744722755992
2024-02-16,46.71293062568335,1.2870693743166512,1.2870693743166512
2024-02-17,48.37271973727439,-4.372719737274387,4.372719737274387
2024-02-18,47.150334126286495,-7.150334126286495,7.150334126286495
2024-02-19,42.87707421970442,1.1229257802955814,1.1229257802955814
2024-02-20,43.83018476158664,3.1698152384133635,3.1698152384133635
2024-02-21,44.978347783511374,5.021652216488626,5.021652216488626
2024-02-22,45.69700083071643,-5.6970008307164335,5.6970008307164335
2024-02-23,43.76998851112825,-7.769988511128247,7.769988511128247
2024-02-24,41.366899256163414,-12.366899256163414,12.366899256163414
2024-02-25,37.92635077388506,0.07364922611493796,0.07364922611493796
2024-02-26,39.62374263310992,-3.62374263310992,3.62374263310992
2024-02-27,38.74332831546004,-4.74332831546004,4.74332831546004
2024-02-28,37.702516790442985,-3.702516790442985,3.702516790442985
2024-02-29,36.23434598456001,-1.234345984560008,1.234345984560008
2024-03-01,35.88440683734407,9.115593162655927,9.115593162655927
2024-03-02,38.330390889006196,3.669609110993804,3.669609110993804
2024-03-03,38.929746628329106,-1.9297466283291058,1.9297466283291058
2024-03-04,37.3743382371749,-3.3743382371748964,3.3743382371748964
2024-03-05,36.064555731545866,8.935444268454134,8.935444268454134
2024-03-06,39.11309567411781,1.8869043258821918,1.8869043258821918
2024-03-07,38.616580239603486,-10.616580239603486,10.616580239603486
2024-03-08,35.33406259681487,-9.334062596814867,9.334062596814867
2024-03-09,33.06720594071119,-6.06720594071119,6.06720594071119
2024-03-10,31.81089428604716,8.189105713952841,8.189105713952841
2024-03-11,34.895799048200146,10.104200951799854,10.104200951799854
2024-03-12,37.89004545118054,-7.890045451180541,7.890045451180541
2024-03-13,33.56660412548509,1.4333958745149076,1.4333958745149076
2024-03-14,33.558592744002794,6.4414072559972055,6.4414072559972055
2024-03-15,35.19231203337674,2.807687966623263,2.807687966623263
2024-03-16,35.17826628047488,-3.1782662804748796,3.1782662804748796
2024-03-17,34.39537088685142,4.604629113148583,4.604629113148583
2024-03-18,36.26788504163209,10.732114958367909,10.732114958367909
2024-03-19,37.91731827617385,8.082681723826148,8.082681723826148
2024-03-20,39.30200315762148,4.697996842378522,4.697996842378522
2024-03-21,39.76658064212376,-11.766580642123763,11.766580642123763
2024-03-22,34.88615244908974,1.1138475509102577,1.1138475509102577
2024-03-23,35.79155941829066,2.2084405817093398,2.2084405817093398
2024-03-24,36.819440138687995,2.1805598613120054,2.1805598613120054
2024-03-25,37.59011119981471,-4.590111199814707,4.590111199814707
2024-03-26,35.50882350954827,-5.508823509548272,5.508823509548272
2024-03-27,33.82780582573494,-5.827805825734941,5.827805825734941
2024-03-28,31.288014408369357,3.7119855916306435,3.7119855916306435
2024-03-29,33.568746408108865,-5.568746408108865,5.568746408108865
2024-03-30,31.379433101460222,-8.379433101460222,8.379433101460222
2024-03-31,29.10012814784124,6.8998718521587605,6.8998718521587605
2024-04-01,31.67897034559874,10.321029654401261,10.321029654401261
2024-04-02,33.89429811744186,11.105701882558137,11.105701882558137
2024-04-03,35.75876487316445,0.24123512683554793,0.24123512683554793
2024-04-04,34.58301312867894,-6.583013128678942,6.583013128678942
2024-04-05,31.44414555045933,-3.4441455504593286,3.4441455504593286
2024-04-06,30.43311883770883,4.566881162291171,4.566881162291171
2024-04-07,33.06114331710038,11.938856682899619,11.938856682899619
2024-04-08,36.602069553357744,1.3979304466422562,1.3979304466422562
2024-04-09,35.55860761923207,1.4413923807679296,1.4413923807679296
2024-04-10,34.71772399235298,11.28227600764702,11.28227600764702
2024-04-11,37.26263109586466,-1.2626310958646627,1.2626310958646627
2024-04-12,35.265791598759165,-17.265791598759165,17.265791598759165
2024-04-13,29.89826823216315,0.10173176783684923,0.10173176783684923
2024-04-14,32.335097013410184,-3.3350970134101843,3.3350970134101843
2024-04-15,30.82886090027369,11.171139099726311,11.171139099726311
2024-04-16,34.501055329949914,6.498944670050086,6.498944670050086
2024-04-17,35.74757133194746,6.252428668052538,6.252428668052538
2024-04-18,35.83168522389404,8.168314776105959,8.168314776105959
2024-04-19,36.035095949765434,-3.0350959497654344,3.0350959497654344
2024-04-20,34.570965961107795,-1.5709659611077953,1.5709659611077953
2024-04-21,33.90321498193373,11.09678501806627,11.09678501806627
2024-04-22,38.31730653012682,-4.317306530126821,4.317306530126821
2024-04-23,35.373776782547104,-2.373776782547104,2.373776782547104
2024-04-24,34.71425140991657,-5.714251409916571,5.714251409916571
2024-04-25,33.09188563272026,4.908114367279737,4.908114367279737
2024-04-26,34.335109448749435,-0.33510944874943505,0.33510944874943505
2024-04-27,33.53122969178811,-8.531229691788113,8.531229691788113
2024-04-28,31.363016489086128,-7.363016489086128,7.363016489086128
2024-04-29,28.94963840999301,-3.9496384099930104,3.9496384099930104
2024-04-30,28.37101610119408,-5.37101610119408,5.37101610119408
2024-05-01,26.74307565210529,-1.74307565210529,1.74307565210529
2024-05-02,27.293148088477075,-5.293148088477075,5.293148088477075
2024-05-03,25.392777882461175,-0.39277788246117495,0.39277788246117495
2024-05-04,25.04623868209891,-9.04623868209891,9.04623868209891
2024-05-05,21.997196796767398,-4.997196796767398,4.997196796767398
2024-05-06,21.290684371923373,-0.2906843719233727,0.2906843719233727
2024-05-07,21.567666441235385,8.432333558764615,8.432333558764615
2024-05-08,24.32733081785713,0.6726691821428687,0.6726691821428687
2024-05-09,23.158315078094816,2.841684921905184,2.841684921905184
2024-05-10,23.811863424634414,-3.8118634246344136,3.8118634246344136
2024-05-11,21.362672345137533,-2.3626723451375327,2.3626723451375327
2024-05-12,20.82482009500115,4.175179904998849,4.175179904998849
2024-05-13,22.54978320071607,-4.549783200716071,4.549783200716071
2024-05-14,21.086762022666107,4.913237977333893,4.913237977333893
2024-05-15,22.532716995275035,-1.5327169952750346,1.5327169952750346
2024-05-16,21.40888081542406,-1.4088808154240589,1.4088808154240589
2024-05-17,20.412340820065467,-5.412340820065467,5.412340820065467
2024-05-18,18.575347647807895,-8.575347647807895,8.575347647807895
2024-05-19,16.696511006370525,5.303488993629475,5.303488993629475
2024-05-20,18.779355663205088,-5.779355663205088,5.779355663205088
2024-05-21,16.86927652613739,6.130723473862609,6.130723473862609
2024-05-22,18.863706454142594,-6.863706454142594,6.863706454142594
2024-05-23,15.798126244627243,5.201873755372757,5.201873755372757
2024-05-24,17.5955800743711,6.4044199256289005,6.4044199256289005
2024-05-25,18.616839675654834,-0.616839675654834,0.616839675654834
2024-05-26,18.26509505550502,1.7349049444949785,1.7349049444949785
2024-05-27,17.931077932435244,-5.931077932435244,5.931077932435244
2024-05-28,16.349163890930317,-5.349163890930317,5.349163890930317
2024-05-29,14.324947897265558,-3.3249478972655577,3.3249478972655577
2024-05-30,14.44144319371249,6.558556806287511,6.558556806287511
2024-05-31,17.078171361841328,-2.078171361841328,2.078171361841328
2024-06-01,15.154351917654255,-5.154351917654255,5.154351917654255
2024-06-02,13.607595851302255,11.392404148697745,11.392404148697745
2024-06-03,17.13198902962609,-4.131989029626091,4.131989029626091
2024-06-04,14.381246222368626,1.6187537776313743,1.6187537776313743
2024-06-05,15.01414497797872,0.9858550220212798,0.9858550220212798
2024-06-06,15.744787710413796,2.255212289586204,2.255212289586204
2024-06-07,15.757528164114545,2.242471835885455,2.242471835885455
2024-06-08,15.696062079725285,12.303937920274715,12.303937920274715
2024-06-09,20.245445019205793,-9.245445019205793,9.245445019205793
2024-06-10,14.84728137660381,5.15271862339619,5.15271862339619
2024-06-11,17.38613974555517,5.61386025444483,5.61386025444483
2024-06-12,18.599396566073846,2.400603433926154,2.400603433926154
2024-06-13,18.66544147702809,-5.665441477028089,5.665441477028089
2024-06-14,16.33853472937661,5.661465270623388,5.661465270623388
2024-06-15,19.320018084749776,1.6799819152502238,1.6799819152502238
2024-06-16,17.993427745653506,2.0065722543464943,2.0065722543464943
2024-06-17,18.87810968128612,1.1218903187138807,1.1218903187138807
2024-06-18,19.067312845800206,-1.0673128458002061,1.0673128458002061
2024-06-19,18.309886020767557,0.6901139792324429,0.6901139792324429
2024-06-20,17.96198506412233,7.038014935877669,7.038014935877669
2024-06-21,20.69305417737918,1.3069458226208184,1.3069458226208184
2024-06-22,20.13742097404748,-0.13742097404747966,0.13742097404747966
2024-06-23,19.6533288650067,8.3466711349933,8.3466711349933
2024-06-24,22.2104440078159,0.7895559921840984,0.7895559921840984
2024-06-25,21.287243995782994,3.712756004217006,3.712756004217006
2024-06-26,22.22321390288571,-1.2232139028857105,1.2232139028857105
2024-06-27,21.723833977117472,0.2761660228825278,0.2761660228825278
2024-06-28,21.600381561252547,-7.600381561252547,7.600381561252547
2024-06-29,18.951463077577383,2.048536922422617,2.048536922422617
2024-06-30,20.98508035901329,2.0149196409867116,2.0149196409867116
2024-07-01,21.139260834721714,5.860739165278286,5.860739165278286
2024-07-02,22.86546230404478,4.1345376959552205,4.1345376959552205
2024-07-03,23.154155107738518,-2.154155107738518,2.154155107738518
2024-07-04,21.909465295326168,-1.909465295326168,1.909465295326168
2024-07-05,20.85060098459761,2.149399015402391,2.149399015402391
2024-07-06,22.250157641106426,-5.250157641106426,5.250157641106426
2024-07-07,20.487451125231214,1.512548874768786,1.512548874768786
2024-07-08,21.80336720782291,-6.803367207822909,6.803367207822909
2024-07-09,19.538966387603462,2.4610336123965375,2.4610336123965375
2024-07-10,20.65938952266498,8.34061047733502,8.34061047733502
2024-07-11,23.09946031215429,1.9005396878457113,1.9005396878457113
2024-07-12,22.941413474352476,-7.941413474352476,7.941413474352476
2024-07-13,19.60316254120265,0.39683745879735,0.39683745879735
2024-07-14,20.93833274339651,1.0616672566034886,1.0616672566034886
2024-07-15,20.894977948063822,16.105022051936178,16.105022051936178
2024-07-16,26.45286066021606,-0.45286066021606075,0.45286066021606075
2024-07-17,24.967953513867364,4.032046486132636,4.032046486132636
2024-07-18,25.74248877114158,6.257511228858419,6.257511228858419
2024-07-19,26.56473051156155,5.4352694884384505,5.4352694884384505
2024-07-20,27.893215723924897,-0.8932157239248966,0.8932157239248966
2024-07-21,27.035480090807393,2.9645199091926067,2.9645199091926067
2024-07-22,29.065382587530816,-4.0653825875308165,4.0653825875308165
2024-07-23,26.696661234298233,-2.696661234298233,2.696661234298233
2024-07-24,26.50981966678628,-1.5098196667862815,1.5098196667862815
2024-07-25,26.676423272749084,4.3235767272509165,4.3235767272509165
2024-07-26,28.35934482519557,-6.359344825195571,6.359344825195571
2024-07-27,25.58748699762295,3.4125130023770502,3.4125130023770502
2024-07-28,27.614756809672393,0.385243190327607,0.385243190327607
2024-07-29,27.18158143957944,-1.181581439579439,1.181581439579439
2024-07-30,26.724156551672728,4.275843448327272,4.275843448327272
2024-07-31,28.36801412194701,-6.368014121947009,6.368014121947009
2024-08-01,26.378366532493366,2.6216334675066335,2.6216334675066335
2024-08-02,27.32483622250552,-11.324836222505521,11.324836222505521
2024-08-03,24.107987394765267,3.892012605234733,3.892012605234733
2024-08-04,26.648000425083747,-13.648000425083747,13.648000425083747
2024-08-05,22.018642457598098,-11.018642457598098,11.018642457598098
2024-08-06,20.483090693106863,-0.48309069310686326,0.48309069310686326
2024-08-07,21.32430044449784,5.67569955550216,5.67569955550216
2024-08-08,24.063364070772316,2.936635929227684,2.936635929227684
2024-08-09,23.610341190557723,-0.6103411905577225,0.6103411905577225
2024-08-10,23.955111409084157,-5.955111409084157,5.955111409084157
2024-08-11,21.119675725654076,-0.11967572565407636,0.11967572565407636
2024-08-12,21.756304510595733,-1.756304510595733,1.756304510595733
2024-08-13,22.09869013299783,5.901309867002169,5.901309867002169
2024-08-14,24.845786307786774,-2.845786307786774,2.845786307786774
2024-08-15,23.445887345636315,-4.445887345636315,4.445887345636315
2024-08-16,22.111296142472124,10.888703857527876,10.888703857527876
2024-08-17,25.938587789052285,-1.938587789052285,1.938587789052285
2024-08-18,24.535721292024654,-4.535721292024654,4.535721292024654
2024-08-19,23.20490507237843,7.7950949276215695,7.7950949276215695
2024-08-20,26.951119869883215,-10.951119869883215,10.951119869883215
2024-08-21,22.39193375844975,10.608066241550251,10.608066241550251
2024-08-22,26.86084397963728,1.1391560203627193,1.1391560203627193
2024-08-23,27.365100745824414,-2.3651007458244138,2.3651007458244138
2024-08-24,25.849659475756273,0.15034052424372746,0.15034052424372746
2024-08-25,26.0172381884389,7.982761811561101,7.982761811561101
2024-08-26,29.55212010995899,-5.552120109958992,5.552120109958992
2024-08-27,25.99661655327936,11.00338344672064,11.00338344672064
2024-08-28,31.389811990429717,-3.389811990429717,3.389811990429717
2024-08-29,28.970793872188842,5.0292061278111575,5.0292061278111575
2024-08-30,30.754531897037598,9.245468102962402,9.245468102962402
2024-08-31,33.43876112653177,-4.438761126531773,4.438761126531773
2024-09-01,31.640799446174533,0.3592005538254668,0.3592005538254668
2024-09-02,31.570443003087426,0.42955699691257365,0.42955699691257365
2024-09-03,32.848161430360925,2.151838569639075,2.151838569639075
2024-09-04,33.06536594016501,-8.065365940165009,8.065365940165009
2024-09-05,30.872359183524413,7.127640816475587,7.127640816475587
2024-09-06,34.6723664791577,7.327633520842298,7.327633520842298
2024-09-07,35.7904561828517,-4.790456182851699,4.790456182851699
2024-09-08,33.743778858986346,7.256221141013654,7.256221141013654
2024-09-09,36.676705987132124,-2.6767059871321237,2.6767059871321237
2024-09-10,35.49603555929456,-11.496035559294562,11.496035559294562
2024-09-11,31.521723478510957,-0.5217234785109568,0.5217234785109568
2024-09-12,33.85025925214496,10.149740747855041,10.149740747855041
2024-09-13,37.897345856827656,-18.897345856827656,18.897345856827656
2024-09-14,30.20248724292058,4.797512757079421,4.797512757079421
2024-09-15,34.65510243809557,-2.655102438095568,2.655102438095568
2024-09-16,33.33491065233481,-1.3349106523348127,1.3349106523348127
2024-09-17,32.71057247434149,1.2894275256585104,1.2894275256585104
2024-09-18,34.05880659991908,-10.05880659991908,10.05880659991908
2024-09-19,31.893282590509703,-4.893282590509703,4.893282590509703
2024-09-20,29.94033906298816,38.05966093701184,38.05966093701184
2024-09-21,44.23607885327978,-17.23607885327978,17.23607885327978
2024-09-22,34.53787086029747,6.462129139702533,6.462129139702533
2024-09-23,38.115827861154926,5.884172138845074,5.884172138845074
2024-09-24,39.86396401622249,8.13603598377751,8.13603598377751
2024-09-25,41.25069526732806,-1.2506952673280622,1.2506952673280622
2024-09-26,40.25981028922662,-11.259810289226621,11.259810289226621
2024-09-27,39.77963738392049,1.2203626160795125,1.2203626160795125
2024-09-28,38.811322922831934,-1.811322922831934,1.811322922831934
2024-09-29,39.55609932235913,-7.556099322359131,7.556099322359131
2024-09-30,37.83188687098607,-12.831886870986068,12.831886870986068
2024-10-01,35.17381306250505,-0.17381306250504736,0.17381306250504736
2024-10-02,36.4326123844434,-10.432612384443402,10.432612384443402
2024-10-03,32.87369881288841,-1.8736988128884065,1.8736988128884065
2024-10-04,34.62707958669007,-4.627079586690073,4.627079586690073
2024-10-05,33.55089675781635,-1.5508967578163535,1.5508967578163535
2024-10-06,33.56501743305771,-4.565017433057712,4.565017433057712
2024-10-07,32.15259913218883,-3.1525991321888327,3.1525991321888327
2024-10-08,32.68400663791718,-4.684006637917179,4.684006637917179
2024-10-09,31.270535659717307,1.7294643402826928,1.7294643402826928
2024-10-10,33.05302273904974,-9.053022739049737,9.053022739049737
2024-10-11,30.257456353820892,9.742543646179108,9.742543646179108
2024-10-12,34.79646531055067,-2.7964653105506727,2.7964653105506727
2024-10-13,33.0114645722974,0.988535427702601,0.988535427702601
2024-10-14,33.7523642934813,-2.7523642934812997,2.7523642934812997
2024-10-15,32.97919750323767,5.020802496762329,5.020802496762329
2024-10-16,35.50082426582333,10.499175734176667,10.499175734176667
2024-10-17,37.959824947382465,-1.9598249473824652,1.9598249473824652
2024-10-18,37.4374135025057,0.5625864974943013,0.5625864974943013
2024-10-19,37.32073786645541,6.67926213354459,6.67926213354459
2024-10-20,39.79489610385908,8.205103896140919,8.205103896140919
2024-10-21,41.69133668408323,19.308663315916768,19.308663315916768
2024-10-22,47.54912702862606,13.45087297137394,13.45087297137394
2024-10-23,50.2849063849101,11.715093615089899,11.715093615089899
2024-10-24,51.640805648914764,14.359194351085236,14.359194351085236
2024-10-25,54.962833265537704,5.037166734462296,5.037166734462296
2024-10-26,55.33010689969265,-5.330106899692652,5.330106899692652
2024-10-27,53.263675287405576,-7.263675287405576,7.263675287405576
2024-10-28,52.571483485677454,30.428516514322546,30.428516514322546
2024-10-29,63.45756450175673,15.542435498243272,15.542435498243272
2024-10-30,65.41933719007734,-7.419337190077343,7.419337190077343
2024-10-31,61.24191902987492,4.758080970125079,4.758080970125079
2024-11-01,63.041311426324135,3.9586885736758646,3.9586885736758646
2024-11-02,63.37759433487995,-1.3775943348799515,1.3775943348799515
2024-11-03,62.36658694451041,-15.36658694451041,15.36658694451041
2024-11-04,60.37914866888027,-6.379148668880269,6.379148668880269
2024-11-05,60.065706010996614,-2.065706010996614,2.065706010996614
2024-11-06,59.185779284581415,-8.185779284581415,8.185779284581415
2024-11-07,57.77903664370552,-13.779036643705517,13.779036643705517
2024-11-08,54.68348986116597,-1.6834898611659668,1.6834898611659668
2024-11-09,55.76816053818729,-20.76816053818729,20.76816053818729
2024-11-10,48.78417324484839,-12.78417324484839,12.78417324484839
2024-11-11,47.875911008120916,-9.875911008120916,9.875911008120916
2024-11-12,47.101214140084984,-6.101214140084984,6.101214140084984
2024-11-13,46.32295676107183,1.6770432389281709,1.6770432389281709
2024-11-14,47.52468793615333,-1.5246879361533274,1.5246879361533274
2024-11-15,47.85695040195151,-9.856950401951508,9.856950401951508
2024-11-16,43.81716045252427,0.18283954747573006,0.18283954747573006
2024-11-17,45.31385111740766,-7.313851117407658,7.313851117407658
2024-11-18,43.49975756048552,20.50024243951448,20.50024243951448
2024-11-19,51.3371004473902,-5.337100447390199,5.337100447390199
2024-11-20,48.13040728377443,-15.130407283774431,15.130407283774431
2024-11-21,43.593695453635235,-4.593695453635235,4.593695453635235
2024-11-22,43.52826511287112,-2.528265112871118,2.528265112871118
2024-11-23,44.16173756439272,-2.1617375643927232,2.1617375643927232
2024-11-24,43.66565890497267,-10.665658904972673,10.665658904972673
2024-11-25,42.601195750521356,-1.6011957505213559,1.6011957505213559
2024-11-26,42.27571585303437,-11.27571585303437,11.27571585303437
2024-11-27,38.33149568640237,7.66850431359763,7.66850431359763
2024-11-28,42.741797943578945,-0.7417979435789448,0.7417979435789448
2024-11-29,42.17227587735594,12.827724122644057,12.827724122644057
2024-11-30,46.491165776069664,-13.491165776069664,13.491165776069664
2024-12-01,40.23966128748886,-1.2396612874888575,1.2396612874888575
2024-12-02,41.86917481211338,2.1308251878866216,2.1308251878866216
2024-12-03,42.364381208344106,-8.364381208344106,8.364381208344106
2024-12-04,40.72506641577806,-7.725066415778059,7.725066415778059
2024-12-05,39.05259977034542,0.9474002296545834,0.9474002296545834
2024-12-06,41.46354605158335,6.53645394841665,6.53645394841665
2024-12-07,42.21101704021584,-8.211017040215843,8.211017040215843
2024-12-08,39.41660557551169,2.5833944244883114,2.5833944244883114
2024-12-09,41.54991771530057,1.4500822846994268,1.4500822846994268
2024-12-10,41.283299655977316,0.7167003440226836,0.7167003440226836
2024-12-11,41.380344722342755,-0.3803447223427554,0.3803447223427554
2024-12-12,41.766285894518454,-0.7662858945184539,0.7662858945184539
2024-12-13,42.23412295322816,-8.234122953228159,8.234122953228159
2024-12-14,38.82324200326527,0.1767579967347288,0.1767579967347288
2024-12-15,40.517219054718645,0.4827809452813554,0.4827809452813554
2024-12-16,40.99378972268457,4.006210277315432,4.006210277315432
2024-12-17,42.27898245554116,8.721017544458839,8.721017544458839
2024-12-18,44.635308043769,-1.635308043769001,1.635308043769001
2024-12-19,43.13571799330059,16.864282006699412,16.864282006699412
2024-12-20,48.13245254007671,-17.132452540076713,17.132452540076713
2024-12-21,41.171475338506454,11.828524661493546,11.828524661493546
2024-12-22,46.81493888092965,6.1850611190703475,6.1850611190703475
2024-12-23,48.078329423057454,-4.078329423057454,4.078329423057454
2024-12-24,46.387164174808525,-10.387164174808525,10.387164174808525
2024-12-25,42.890968742420654,-13.890968742420654,13.890968742420654
2024-12-26,40.96133964210702,23.03866035789298,23.03866035789298
2024-12-27,48.137587626876716,10.862412373123284,10.862412373123284
2024-12-28,50.89172505179424,2.108274948205761,2.108274948205761
2024-12-29,49.986396769692035,12.013603230307965,12.013603230307965
2024-12-30,52.72547200903762,-3.7254720090376168,3.7254720090376168
2024-12-31,49.55468372467782,-18.554683724677822,18.554683724677822
2025-01-01,43.35072252849213,-0.3507225284921276,0.3507225284921276
2025-01-02,47.90163715420039,22.098362845799613,22.098362845799613
2025-01-03,55.04698897865471,2.95301102134529,2.95301102134529
2025-01-04,53.13546882272179,13.86453117727821,13.86453117727821
2025-01-05,57.47610647725152,12.52389352274848,12.52389352274848
2025-01-06,58.86813953673733,-1.8681395367373312,1.8681395367373312
2025-01-07,55.29338350240554,-2.29338350240554,2.29338350240554
2025-01-08,55.34290899102007,-6.342908991020067,6.342908991020067
2025-01-09,55.47857355332819,-2.4785735533281894,2.4785735533281894
2025-01-10,54.60639972906979,-13.606399729069793,13.606399729069793
2025-01-11,51.3017409472138,-6.301740947213801,6.301740947213801
2025-01-12,51.116485583828144,0.883514416171856,0.883514416171856
2025-01-13,51.461328696860456,2.5386713031395445,2.5386713031395445
2025-01-14,52.03898200693513,6.961017993064871,6.961017993064871
2025-01-15,53.68055648166998,-11.680556481669981,11.680556481669981
2025-01-16,49.3600781849999,9.6399218150001,9.6399218150001
2025-01-17,52.75687409184341,-0.7568740918434074,0.7568740918434074
2025-01-18,51.86065521720512,-0.860655217205121,0.860655217205121
2025-01-19,51.9754740271907,-21.9754740271907,21.9754740271907
2025-01-20,45.135147552345565,-4.135147552345565,4.135147552345565
2025-01-21,46.64571383074158,-0.6457138307415775,0.6457138307415775
2025-01-22,46.0824292478978,-11.0824292478978,11.0824292478978
2025-01-23,43.90832550833913,-3.908325508339132,3.908325508339132
2025-01-24,43.40733161572916,5.592668384270837,5.592668384270837
2025-01-25,45.72436465845489,-9.724364658454888,9.724364658454888
2025-01-26,40.53318631181794,5.466813688182057,5.466813688182057
2025-01-27,44.00639596082798,-4.00639596082798,4.00639596082798
2025-01-28,42.5463598984214,-10.5463598984214,10.5463598984214
2025-01-29,38.695707291137325,-4.6957072911373245,4.6957072911373245
2025-01-30,38.73014241847885,8.269857581521151,8.269857581521151
2025-01-31,42.667968520558254,14.332031479441746,14.332031479441746
2025-02-01,45.41449503893028,-9.414495038930283,9.414495038930283
2025-02-02,41.23409313137075,1.7659068686292514,1.7659068686292514
2025-02-03,42.047476735611056,11.952523264388944,11.952523264388944
2025-02-04,45.122579097028165,12.877420902971835,12.877420902971835
2025-02-05,47.88831863259847,-1.8883186325984695,1.8883186325984695
2025-02-06,46.381649820303494,-1.381649820303494,1.381649820303494
2025-02-07,46.454737017473306,-7.454737017473306,7.454737017473306
2025-02-08,42.608174545902195,7.3918254540978054,7.3918254540978054
2025-02-09,46.213506860684944,-8.213506860684944,8.213506860684944
2025-02-10,43.534063671239025,0.465936328760975,0.465936328760975
2025-02-11,44.65042316538997,0.3495768346100334,0.3495768346100334
2025-02-12,43.8578250576362,-12.857825057636198,12.857825057636198
2025-02-13,39.50622837363527,2.493771626364733,2.493771626364733
2025-02-14,41.19673182049743,-7.196731820497433,7.196731820497433
2025-02-15,39.48239117699785,4.517608823002149,4.517608823002149
2025-02-16,40.73880157519577,13.261198424804228,13.261198424804228
2025-02-17,44.862930304878944,17.137069695121056,17.137069695121056
2025-02-18,48.66816716355579,11.331832836444207,11.331832836444207
2025-02-19,48.90885298405027,17.09114701594973,17.09114701594973
2025-02-20,53.30946576947257,-3.309465769472567,3.309465769472567
2025-02-21,49.27705316747371,-15.27705316747371,15.27705316747371
2025-02-22,44.92569685816517,4.074303141834832,4.074303141834832
2025-02-23,48.501855531537274,5.498144468462726,5.498144468462726
2025-02-24,50.46882696991973,-6.468826969919732,6.468826969919732
2025-02-25,47.4147985121391,1.5852014878608998,1.5852014878608998
2025-02-26,48.784555330158035,-2.7845553301580352,2.7845553301580352
2025-02-27,46.49471617926251,-3.494716179262511,3.494716179262511
2025-02-28,44.35605786417628,-8.356057864176279,8.356057864176279
2025-03-01,42.99661416135407,3.003385838645933,3.003385838645933
2025-03-02,45.139113684752786,-5.139113684752786,5.139113684752786
2025-03-03,42.41417476367333,16.58582523632667,16.58582523632667
2025-03-04,48.4205810980211,-14.420581098021103,14.420581098021103
2025-03-05,41.585109043758486,4.414890956241514,4.414890956241514
2025-03-06,43.91693206408641,6.08306793591359,6.08306793591359
2025-03-07,44.871979943350794,-8.871979943350794,8.871979943350794
2025-03-08,41.7813759503728,1.218624049627202,1.218624049627202
2025-03-09,42.41539287802284,5.584607121977157,5.584607121977157
2025-03-10,45.32996140474408,3.6700385952559174,3.6700385952559174
2025-03-11,43.873250477468545,8.126749522531455,8.126749522531455
2025-03-12,46.5640800995935,-5.564080099593497,5.564080099593497
2025-03-13,43.81955655168308,4.180443448316922,4.180443448316922
2025-03-14,44.39884609426199,-20.39884609426199,20.39884609426199
2025-03-15,37.73786586589298,-10.737865865892978,10.737865865892978
2025-03-16,36.6872794580413,6.312720541958697,6.312720541958697
2025-03-17,40.145826605649134,-1.145826605649134,1.145826605649134
2025-03-18,39.299265420089576,-1.2992654200895757,1.2992654200895757
2025-03-19,37.919001635065186,3.080998364934814,3.080998364934814
2025-03-20,39.31210046750074,-1.3121004675007413,1.3121004675007413
2025-03-21,36.62456994874212,-4.624569948742121,4.624569948742121
2025-03-22,35.20586747719783,2.7941325228021725,2.7941325228021725
2025-03-23,37.525552202870564,2.474447797129436,2.474447797129436
2025-03-24,37.55524882196673,5.444751178033272,5.444751178033272
2025-03-25,38.65175975557098,8.348240244429022,8.348240244429022
2025-03-26,40.60245247202727,-4.602452472027267,4.602452472027267
2025-03-27,37.596120657286086,-13.596120657286086,13.596120657286086
2025-03-28,32.91675907298075,13.083240927019247,13.083240927019247
2025-03-29,38.87942338877764,-0.8794233887776386,0.8794233887776386
2025-03-30,37.2567692501397,1.7432307498603024,1.7432307498603024
2025-03-31,37.66192472977623,0.3380752702237686,0.3380752702237686
2025-04-01,37.576000147766074,-2.5760001477660737,2.5760001477660737
2025-04-02,35.63952977376124,-4.6395297737612395,4.6395297737612395
2025-04-03,33.32913671016289,-1.3291367101628921,1.3291367101628921
2025-04-04,34.77533967313425,2.2246603268657523,2.2246603268657523
2025-04-05,34.90795428307025,10.092045716929753,10.092045716929753
2025-04-06,37.729475208618176,-10.729475208618176,10.729475208618176
2025-04-07,32.77590850035017,4.22409149964983,4.22409149964983
2025-04-08,34.67774228631557,-8.67774228631557,8.67774228631557
2025-04-09,31.04688841398641,-3.0468884139864088,3.0468884139864088
2025-04-10,30.81990017979267,2.1800998202073316,2.1800998202073316
2025-04-11,32.112734956813284,-0.11273495681328427,0.11273495681328427
2025-04-12,32.21398560189196,-6.213985601891963,6.213985601891963
2025-04-13,28.676824889190538,-4.676824889190538,4.676824889190538
2025-04-14,28.332981730615764,6.667018269384236,6.667018269384236
2025-04-15,30.077197331735622,6.922802668264378,6.922802668264378
2025-04-16,31.51588167364449,-5.51588167364449,5.51588167364449
2025-04-17,28.941849089190807,16.058150910809193,16.058150910809193
2025-04-18,34.22146270508764,-6.221462705087639,6.221462705087639
2025-04-19,29.79099339457375,-4.79099339457375,4.79099339457375
2025-04-20,28.2732922885031,-4.2732922885031,4.2732922885031
2025-04-21,28.04210782028018,3.9578921797198205,3.9578921797198205
2025-04-22,29.781561494753916,-0.781561494753916,0.781561494753916
2025-04-23,28.142452113338827,-1.1424521133388268,1.1424521133388268
2025-04-24,28.892232097131522,10.107767902868478,10.107767902868478
2025-04-25,30.800719733364954,-1.8007197333649536,1.8007197333649536
2025-04-26,28.62415054279286,-15.624150542792862,15.624150542792862
2025-04-27,23.319705243822433,13.680294756177567,13.680294756177567
2025-04-28,29.79424961601606,-5.79424961601606,5.79424961601606
2025-04-29,26.214181621039003,0.7858183789609967,0.7858183789609967
2025-04-30,26.523517790788674,-2.5235177907886737,2.5235177907886737
2025-05-01,26.301476471939505,6.698523528060495,6.698523528060495
2025-05-02,27.774507723370675,-1.7745077233706752,1.7745077233706752
2025-05-03,25.11237818377928,-8.112378183779281,8.112378183779281
2025-05-04,24.05309940916433,0.9469005908356714,0.9469005908356714
2025-05-05,24.135851797247824,-1.135851797247824,1.135851797247824
2025-05-06,23.793874032800534,-6.7938740328005345,6.7938740328005345
2025-05-07,21.3093432938972,2.6906567061028,2.6906567061028
2025-05-08,23.368701883597392,-2.3687018835973923,2.3687018835973923
2025-05-09,21.708571238942028,-4.708571238942028,4.708571238942028
2025-05-10,19.57616662112425,-3.5761666211242513,3.5761666211242513
2025-05-11,19.346754294712895,-2.3467542947128948,2.3467542947128948
2025-05-12,18.733035107977145,1.2669648920228553,1.2669648920228553
2025-05-13,18.84128999004205,1.1587100099579501,1.1587100099579501
2025-05-14,19.39714639361405,-4.397146393614051,4.397146393614051
2025-05-15,17.411235297717695,7.588764702282305,7.588764702282305
2025-05-16,19.81374046443135,-2.8137404644313513,2.8137404644313513
2025-05-17,17.839835029996276,7.1601649700037235,7.1601649700037235
2025-05-18,20.17515697324077,5.824843026759229,5.824843026759229
2025-05-19,21.251266135259623,-4.251266135259623,4.251266135259623
2025-05-20,18.88564907565562,2.1143509243443788,2.1143509243443788
2025-05-21,19.354750029530138,-0.35475002953013757,0.35475002953013757
2025-05-22,19.562974743432648,2.4370252565673525,2.4370252565673525
2025-05-23,19.586929849332698,2.413070150667302,2.413070150667302
2025-05-24,20.450133990012382,-10.450133990012382,10.450133990012382
2025-05-25,16.66418814975509,-6.664188149755091,6.664188149755091
2025-05-26,14.848233609457107,-0.8482336094571075,0.8482336094571075
2025-05-27,15.626455082985737,1.3735449170142626,1.3735449170142626
2025-05-28,15.997553904532767,-1.9975539045327668,1.9975539045327668
2025-05-29,15.276509085990659,-2.276509085990659,2.276509085990659
2025-05-30,14.580724561723262,-0.5807245617232617,0.5807245617232617
2025-05-31,13.668529428289345,11.331470571710655,11.331470571710655
2025-06-01,17.23642961495895,-2.2364296149589507,2.2364296149589507
2025-06-02,15.36083386115762,-0.3608338611576194,0.3608338611576194
2025-06-03,15.335227605341577,9.664772394658423,9.664772394658423
2025-06-04,18.10103093003702,7.89896906996298,7.89896906996298
2025-06-05,19.302002324358718,1.6979976756412825,1.6979976756412825
2025-06-06,18.675147807943237,-4.675147807943237,4.675147807943237
2025-06-07,17.432186444023998,-0.43218644402399775,0.43218644402399775
2025-06-08,16.913450241666492,-0.9134502416664922,0.9134502416664922
2025-06-09,16.608811674843135,2.3911883251568646,2.3911883251568646
2025-06-10,18.068626400988805,5.931373599011195,5.931373599011195
2025-06-11,19.649606224358806,10.350393775641194,10.350393775641194
2025-06-12,21.75465144100388,7.24534855899612,7.24534855899612
2025-06-13,22.145630085530044,8.854369914469956,8.854369914469956
2025-06-14,24.01864145103087,-15.01864145103087,15.01864145103087
2025-06-15,17.840669408178044,1.1593305918219556,1.1593305918219556
2025-06-16,19.827528403764912,7.172471596235088,7.172471596235088
2025-06-17,22.486918083298043,2.5130819167019567,2.5130819167019567
2025-06-18,22.809487133363014,-6.809487133363014,6.809487133363014
2025-06-19,20.039182992173572,-1.039182992173572,1.039182992173572
2025-06-20,20.459342963204033,-5.459342963204033,5.459342963204033
2025-06-21,17.304525409224244,-4.304525409224244,4.304525409224244
2025-06-22,17.21123797373929,-5.211237973739291,5.211237973739291
2025-06-23,16.63066610893796,3.369333891062041,3.369333891062041
2025-06-24,18.18415467213118,0.8158453278688214,0.8158453278688214
2025-06-25,17.46543691207543,1.534563087924571,1.534563087924571
2025-06-26,17.958656326458605,-1.9586563264586054,1.9586563264586054
2025-06-27,16.78446082204887,13.215539177951129,13.215539177951129
2025-06-28,20.996098265923727,-5.996098265923727,5.996098265923727
2025-06-29,17.47157203547263,-4.471572035472629,4.471572035472629
2025-06-30,16.99124086535769,1.008759134642311,1.008759134642311
2025-07-01,17.77896421433212,-1.7789642143321203,1.7789642143321203
2025-07-02,17.148794570775255,-3.148794570775255,3.148794570775255
2025-07-03,16.090813147317764,-1.090813147317764,1.090813147317764
2025-07-04,17.089923622876206,-9.089923622876206,9.089923622876206
2025-07-05,13.28399303985556,-3.2839930398555595,3.2839930398555595
2025-07-06,13.138015760630164,4.861984239369836,4.861984239369836
2025-07-07,15.579396732299433,8.420603267700567,8.420603267700567
2025-07-08,17.649874342851213,6.350125657148787,6.350125657148787
2025-07-09,18.48488645396571,-2.4848864539657107,2.4848864539657107
2025-07-10,16.85176442619941,0.14823557380059071,0.14823557380059071
2025-07-11,16.533335767334734,-0.5333357673347336,0.5333357673347336
2025-07-12,16.51030920450253,1.48969079549747,1.48969079549747
2025-07-13,17.619118310064902,-0.619118310064902,0.619118310064902
2025-07-14,17.69514248909788,2.3048575109021208,2.3048575109021208
2025-07-15,18.49022796745875,-0.4902279674587504,0.4902279674587504
2025-07-16,17.53081841567384,0.4691815843261615,0.4691815843261615
2025-07-17,17.787907138268952,14.212092861731048,14.212092861731048
2025-07-18,22.23690509705299,-5.23690509705299,5.23690509705299
2025-07-19,19.102702398921345,0.8972976010786553,0.8972976010786553
2025-07-20,19.680063528884748,-2.680063528884748,2.680063528884748
2025-07-21,19.028693525713713,2.971306474286287,2.971306474286287
2025-07-22,20.181515281353263,-1.1815152813532634,1.1815152813532634
2025-07-23,19.564579055761442,-7.564579055761442,7.564579055761442
2025-07-24,18.277139173021578,-3.2771391730215775,3.2771391730215775
2025-07-25,17.108280573605196,1.891719426394804,1.891719426394804
2025-07-26,18.51135469975985,-4.511354699759849,4.511354699759849
2025-07-27,16.79678427035176,-8.796784270351761,8.796784270351761
2025-07-28,14.904869811090789,0.0951301889092111,0.0951301889092111
2025-07-29,15.889156479698844,2.110843520301156,2.110843520301156
2025-07-30,16.322544642802946,-1.3225446428029457,1.3225446428029457
2025-07-31,15.984805755421196,3.0151942445788045,3.0151942445788045
2025-08-01,17.436657667705667,1.563342332294333,1.563342332294333
2025-08-02,17.351642884392312,5.648357115607688,5.648357115607688
2025-08-03,18.59795659911519,-3.5979565991151894,3.5979565991151894
2025-08-04,17.35976966295791,-4.359769662957909,4.359769662957909
2025-08-05,16.580988512384167,5.419011487615833,5.419011487615833
2025-08-06,18.76038105410786,9.23961894589214,9.23961894589214
2025-08-07,21.584031564762178,-0.5840315647621779,0.5840315647621779
2025-08-08,20.370940818698898,-4.370940818698898,4.370940818698898
2025-08-09,19.25360167619809,-0.25360167619809104,0.25360167619809104
2025-08-10,19.2127977603178,-10.212797760317802,10.212797760317802
2025-08-11,16.04709500588691,-3.0470950058869093,3.0470950058869093
2025-08-12,17.030268546961274,2.969731453038726,2.969731453038726
2025-08-13,19.090252995712067,1.909747004287933,1.909747004287933
2025-08-14,19.101052709232142,-2.1010527092321425,2.1010527092321425
2025-08-15,17.96238564715781,-0.9623856471578094,0.9623856471578094
2025-08-16,18.21345196683633,0.786548033163669,0.786548033163669
2025-08-17,18.055059625805733,13.944940374194267,13.944940374194267
2025-08-18,22.887155079780783,-4.887155079780783,4.887155079780783
2025-08-19,20.374916034116765,3.625083965883235,3.625083965883235
2025-08-20,22.0580783766621,-0.05807837666209892,0.05807837666209892
2025-08-21,21.559034338193328,-5.559034338193328,5.559034338193328
2025-08-22,19.898780764150445,-2.8987807641504446,2.8987807641504446
2025-08-23,19.91508580470785,1.08491419529215,1.08491419529215
2025-08-24,21.795978065190617,-4.795978065190617,4.795978065190617
2025-08-25,19.404538409795443,-1.4045384097954425,1.4045384097954425
2025-08-26,20.104616210694648,5.8953837893053525,5.8953837893053525
2025-08-27,22.287504732088312,-3.287504732088312,3.287504732088312
2025-08-28,20.372025755608266,-1.3720257556082665,1.3720257556082665
2025-08-29,20.468362082785323,-7.4683620827853225,7.4683620827853225
2025-08-30,18.76345630770544,-2.7634563077054395,2.7634563077054395
2025-08-31,18.68597353767892,-1.6859735376789189,1.6859735376789189
2025-09-01,18.886466654512375,9.113533345487625,9.113533345487625
2025-09-02,22.84255612193779,-0.8425561219377897,0.8425561219377897
2025-09-03,21.290961916800427,4.709038083199573,4.709038083199573
2025-09-04,22.93699863133571,-6.936998631335712,6.936998631335712
2025-09-05,19.95945151847104,-4.959451518471042,4.959451518471042
2025-09-06,19.504021972643606,-5.504021972643606,5.504021972643606
2025-09-07,18.719884726062823,2.2801152739371773,2.2801152739371773
2025-09-08,21.192967284142064,1.807032715857936,1.807032715857936
2025-09-09,21.435586123503732,-4.435586123503732,4.435586123503732
2025-09-10,20.297881444107702,3.702118555892298,3.702118555892298
2025-09-11,21.47251169988467,-12.47251169988467,12.47251169988467
2025-09-12,17.301612768333797,-1.301612768333797,1.301612768333797
2025-09-13,18.41687994803174,4.583120051968258,4.583120051968258
2025-09-14,20.991263495292905,10.008736504707095,10.008736504707095
2025-09-15,24.10938174773851,-5.10938174773851,5.10938174773851
2025-09-16,21.069661383765922,-4.069661383765922,4.069661383765922
2025-09-17,20.883840590598048,-7.883840590598048,7.883840590598048
2025-09-18,18.075864396135238,3.9241356038647623,3.9241356038647623
2025-09-19,21.06057661493614,1.9394233850638614,1.9394233850638614
2025-09-20,22.139703098313817,-6.1397030983138166,6.1397030983138166
2025-09-21,20.721445556513345,-4.721445556513345,4.721445556513345
2025-09-22,19.270663430591167,4.729336569408833,4.729336569408833
2025-09-23,21.542692322574634,0.4573076774253657,0.4573076774253657
2025-09-24,21.22720753675291,0.7727924632470895,0.7727924632470895
2025-09-25,22.239328778905865,-3.2393287789058647,3.2393287789058647
2025-09-26,21.420166991857855,-5.4201669918578546,5.4201669918578546
2025-09-27,19.80100341428408,-3.8010034142840787,3.8010034142840787
2025-09-28,19.52218555388395,5.477814446116049,5.477814446116049
2025-09-29,22.645715448784035,0.35428455121596514,0.35428455121596514
2025-09-30,22.342546667873854,17.657453332126146,17.657453332126146
2025-10-01,28.116751011786246,-7.116751011786246,7.116751011786246
2025-10-02,23.849204522319535,-4.8492045223195355,4.8492045223195355
2025-10-03,22.819142209317008,1.1808577906829925,1.1808577906829925
2025-10-04,24.09226489068742,8.90773510931258,8.90773510931258
2025-10-05,27.809840627587448,-5.809840627587448,5.809840627587448
2025-10-06,25.050694267630913,1.949305732369087,1.949305732369087
2025-10-07,27.63096274386973,-5.6309627438697305,5.6309627438697305
2025-10-08,24.611474655553582,4.388525344446418,4.388525344446418
2025-10-09,26.757166507642378,5.242833492357622,5.242833492357622
2025-10-10,28.652840206278047,0.3471597937219535,0.3471597937219535
2025-10-11,28.9974503248468,-7.997450324846799,7.997450324846799
2025-10-12,25.77566748265226,2.22433251734774,2.22433251734774
2025-10-13,27.99299063299467,6.007009367005331,6.007009367005331
2025-10-14,29.718583736409663,0.2814162635903372,0.2814162635903372
2025-10-15,29.862050510450544,-5.862050510450544,5.862050510450544
2025-10-16,28.312559148374373,8.687440851625627,8.687440851625627
2025-10-17,31.78532351618754,-10.785323516187539,10.785323516187539
2025-10-18,27.149223315816407,-3.149223315816407,3.149223315816407
2025-10-19,27.983405495538463,0.016594504461536985,0.016594504461536985
2025-10-20,29.216116157501645,-7.216116157501645,7.216116157501645
2025-10-21,26.976081381501807,17.023918618498193,17.023918618498193
2025-10-22,33.09367307493367,-0.09367307493366894,0.09367307493366894
2025-10-23,32.4353934075693,-12.4353934075693,12.4353934075693
2025-10-24,27.29407249258882,-2.294072492588821,2.294072492588821
2025-10-25,28.4021180489508,-10.4021180489508,10.4021180489508
2025-10-26,26.108062839578132,16.891937160421868,16.891937160421868
2025-10-27,32.61052476931409,4.38947523068591,4.38947523068591
2025-10-28,34.10365892459583,9.896341075404173,9.896341075404173
2025-10-29,35.950658744621215,0.049341255378784865,0.049341255378784865
2025-10-30,34.03318107883665,5.966818921163352,5.966818921163352
2025-10-31,36.324456856904526,-4.324456856904526,4.324456856904526
2025-11-01,33.97542712840112,1.0245728715988776,1.0245728715988776
2025-11-02,36.689032830867056,20.310967169132944,20.310967169132944
2025-11-03,42.947256053388564,5.052743946611436,5.052743946611436
2025-11-04,42.96735924524967,-6.967359245249668,6.967359245249668
2025-11-05,39.44507935533591,14.554920644664087,14.554920644664087
2025-11-06,45.25259749005661,11.747402509943392,11.747402509943392
2025-11-07,47.120821489259114,-8.120821489259114,8.120821489259114
2025-11-08,43.365778501926734,17.634221498073266,17.634221498073266
2025-11-09,51.448731894763974,6.551268105236026,6.551268105236026
2025-11-10,51.23091533189851,-8.230915331898508,8.230915331898508
2025-11-11,46.909692989151026,7.090307010848974,7.090307010848974
2025-11-12,51.43521213416836,3.56478786583164,3.56478786583164
2025-11-13,52.326861714036944,-5.326861714036944,5.326861714036944
2025-11-14,49.049847155251975,-0.049847155251974584,0.049847155251974584
2025-11-15,51.32803885349848,9.671961146501523,9.671961146501523
2025-11-16,54.516504996557615,0.4834950034423855,0.4834950034423855
2025-11-17,52.733197624337606,-19.733197624337606,19.733197624337606
2025-11-18,47.17385623649814,0.8261437635018609,0.8261437635018609
2025-11-19,49.932338284793545,-4.932338284793545,4.932338284793545
2025-11-20,48.27262581140536,2.727374188594638,2.727374188594638
2025-11-21,50.098045439775376,2.901954560224624,2.901954560224624
2025-11-22,51.86303355263682,7.136966447363179,7.136966447363179
2025-11-23,53.54883875758771,-0.5488387575877098,0.5488387575877098
2025-11-24,51.13298593594325,17.867014064056747,17.867014064056747
2025-11-25,58.00908006997618,20.99091993002382,20.99091993002382
2025-11-26,62.63573357152218,-18.63573357152218,18.63573357152218
2025-11-27,54.53888680884458,3.4611131911554196,3.4611131911554196
2025-11-28,57.63562090202498,-9.635620902024982,9.635620902024982
2025-11-29,55.040365493009936,-12.040365493009936,12.040365493009936
2025-11-30,52.022598913772185,-1.0225989137721854,1.0225989137721854
