candidate,p,q,P,Q,k_arma,n_exog,k_params_total,aicc,aic,nobs,nobs_effective,llf_burn,converged,lb_lag,lb_stat,lb_df,lb_pvalue,lb_pass
fourier_K6,1,1,1,1,4,12,17,-16.420278432857387,-17.12779288372444,884,883,1,False,14,9.32368282249556,10,0.5016850482519739,True
fourier_K3,1,1,1,2,5,6,12,-16.21109173414646,-16.569712423801633,884,883,1,False,14,9.23111661076734,9,0.41621957192724135,True
fourier_K4,1,1,1,1,4,8,13,-15.94097110455225,-16.359843371525784,884,883,1,False,14,9.110231230378293,10,0.5216752147856101,True
fourier_K3,1,1,1,1,4,6,11,-15.940892789684131,-16.243992674873567,884,883,1,False,14,9.677364591962785,10,0.46924041151774687,True
fourier_K3,1,1,2,1,5,6,12,-14.084400266826375,-14.443020956481547,884,883,1,False,14,9.860557343045443,9,0.3618914915168995,True
fourier_K4,1,1,2,1,5,8,14,-13.463587263327526,-13.947458231069461,884,883,1,False,14,9.462058613491255,9,0.3957598228213867,True
fourier_K6,2,2,1,1,6,12,19,-13.01933595771137,-13.899984856900247,884,883,1,False,14,9.741817350646777,8,0.283616620425792,True
fourier_K6,1,1,1,2,5,12,18,-11.930776467771707,-12.722443134438372,884,883,1,False,14,13.44092684751614,9,0.1436484714121428,True
fourier_K1,0,2,0,0,2,2,5,-11.793988137353098,-11.862403188664388,884,883,1,True,14,13.414549700266305,12,0.33964288184070607,True
fourier_K1,1,1,0,0,2,2,5,-11.29406485283616,-11.362479904147449,884,883,1,True,14,13.86675670703936,12,0.30929781304878734,True
fourier_K3,1,2,1,2,6,6,13,-11.159634495481544,-11.578506762455078,884,883,1,False,14,10.19742574596259,8,0.2514418023049609,True
fourier_K1,0,2,1,0,3,2,6,-11.09312183941876,-11.189012250377665,884,883,1,True,14,11.920683813053667,11,0.3696346324278654,True
fourier_K3,1,1,0,0,2,6,9,-11.02178666584203,-11.227972232852338,884,883,1,True,14,13.051243891446907,12,0.3653270880113236,True
fourier_K1,0,2,0,1,3,2,6,-10.997375239840327,-11.093265650799232,884,883,1,True,14,12.042949035693464,11,0.3604235534186827,True
fourier_K1,2,1,0,0,3,2,6,-10.956255117471212,-11.052145528430117,884,883,1,True,14,12.84134552379795,11,0.30382139982461964,True
fourier_K5,2,2,1,1,6,10,17,-10.95603193818016,-11.663546389047212,884,883,1,False,14,10.439813112817054,8,0.23550282738015368,True
fourier_K1,1,1,1,0,3,2,6,-10.66623610517009,-10.762126516128994,884,883,1,True,14,12.191123881573983,11,0.3494499321546279,True
fourier_K1,1,1,0,1,3,2,6,-10.565499423011126,-10.66138983397003,884,883,1,True,14,12.323810103245846,11,0.33980213141933274,True
fourier_K6,1,1,0,0,2,12,15,-10.487564170532721,-11.041197388525802,884,883,1,True,14,12.756904901294154,12,0.3869547456060352,True
fourier_K3,1,1,1,0,3,6,10,-10.268146130479519,-10.520439708461168,884,883,1,True,14,11.663865160454495,11,0.3894322149737831,True
fourier_K3,1,1,0,1,3,6,10,-10.18660375948594,-10.43889733746759,884,883,1,True,14,11.760275646049319,11,0.3819296973358866,True
fourier_K5,3,2,1,1,7,10,18,-10.180760129716951,-10.972426796383616,884,883,1,False,14,5.476545870747994,7,0.6020143712017691,True
fourier_K1,1,3,0,0,4,2,7,-10.169366774384319,-10.297366774384319,884,883,1,False,14,10.483379522285496,10,0.3991554087209071,True
fourier_K1,0,3,0,0,3,2,6,-10.138939155750535,-10.23482956670944,884,883,1,True,14,13.490166554688617,11,0.26249815623315964,True
fourier_K4,1,1,0,0,2,8,11,-10.093009087565246,-10.396108972754682,884,883,1,True,14,12.830986204109543,12,0.3814441561752689,True
fourier_K1,1,2,0,0,3,2,6,-9.892859001008038,-9.988749411966943,884,883,1,True,14,13.435834705477095,11,0.26579590708455936,True
fourier_K6,1,1,1,0,3,12,16,-9.549346518540453,-10.177522038170935,884,883,1,True,14,11.633487373013224,11,0.3918134416392373,True
fourier_K6,1,1,0,1,3,12,16,-9.484630435384297,-10.112805955014778,884,883,1,True,14,11.712640950224777,11,0.3856260900214222,True
fourier_K4,1,1,1,0,3,8,12,-9.298495166716318,-9.65711585637149,884,883,1,True,14,11.546534957394679,11,0.39867456820980224,True
fourier_K3,2,1,1,2,6,6,13,-9.287367463588456,-9.70623973056199,884,883,1,False,14,11.48903121455712,8,0.1754989986506365,True
fourier_K4,1,1,0,1,3,8,12,-9.221986984633158,-9.58060767428833,884,883,1,True,14,11.632257051630678,11,0.3919100560771662,True
fourier_K6,3,2,1,1,7,12,20,-9.11617569098187,-10.090653649218531,884,883,1,False,14,5.150230143586338,7,0.6416357068674098,True
fourier_K3,1,1,0,2,4,6,11,-8.965301594278358,-9.268401479467794,884,883,1,True,14,10.514685988785926,10,0.39655504794109336,True
fourier_K4,1,1,1,2,5,8,14,-8.90691832731359,-9.390789295055527,884,883,1,False,14,10.773756838229245,9,0.29153615469143485,True
fourier_K5,2,3,1,1,7,10,18,-8.808691779274248,-9.600358445940913,884,883,1,False,14,7.253862626571237,7,0.40293513134752845,True
fourier_K6,2,2,1,0,5,12,18,-8.462549311315065,-9.25421597798173,884,883,1,False,14,8.193689686292643,9,0.5147511190916447,True
fourier_K6,2,2,0,1,5,12,18,-8.366676675230202,-9.158343341896867,884,883,1,False,14,8.293645729945895,9,0.5048461410892799,True
fourier_K2,0,2,0,0,2,4,7,-8.223447630787017,-8.351447630787018,884,883,1,True,14,13.310249069050789,12,0.34689955231030173,True
fourier_K6,1,1,2,0,4,12,17,-8.198025869203533,-8.905540320070585,884,883,1,True,14,10.613322106706159,10,0.38842597656358324,True
fourier_K6,2,2,0,0,4,12,17,-8.098002136796822,-8.805516587663874,884,883,1,False,14,11.087939951420726,10,0.35070785789030845,True
fourier_K4,1,1,2,0,4,8,13,-8.066076773096388,-8.484949040069921,884,883,1,True,14,10.485599408665404,10,0.3989707028435217,True
fourier_K6,1,1,0,2,4,12,17,-8.050548781640096,-8.758063232507148,884,883,1,True,14,10.652545315257678,10,0.3852205816330008,True
fourier_K4,1,1,0,2,4,8,13,-7.92282802510157,-8.341700292075103,884,883,1,True,14,10.51814965519392,10,0.3962679467143904,True
fourier_K2,1,1,0,0,2,4,7,-7.724037007881588,-7.852037007881588,884,883,1,True,14,13.759465007544547,12,0.31633148305244624,True
fourier_K2,0,2,1,0,3,4,8,-7.508142191967082,-7.67290191736754,884,883,1,True,14,11.834729884934063,11,0.37619347373471607,True
fourier_K2,0,2,0,1,3,4,8,-7.413151653520437,-7.577911378920895,884,883,1,True,14,11.95533758702083,11,0.3670097117156398,True
fourier_K2,2,1,0,0,3,4,8,-7.359795790872923,-7.524555516273381,884,883,1,True,14,12.755414510513036,11,0.30961157973795084,True
fourier_K1,0,1,0,0,1,2,4,-7.352377354993953,-7.397935441554317,884,883,1,True,14,21.265564753655024,13,0.06783942099899878,True
fourier_K5,3,3,1,1,8,10,19,-7.297944651744928,-8.178593550933805,884,883,1,False,14,5.244877898630362,6,0.5128110952552212,True
fourier_K2,1,1,1,0,3,4,8,-7.082395815899744,-7.247155541300202,884,883,1,True,14,12.103867981097185,11,0.3558866782347716,True
fourier_K2,1,1,0,1,3,4,8,-6.9824536876205165,-7.147213413020975,884,883,1,True,14,12.232732480950109,11,0.3464062203665325,True
fourier_K5,2,2,1,0,5,10,16,-6.888365220902976,-7.516540740533458,884,883,1,False,14,8.23463605235101,9,0.5106845935573584,True
fourier_K5,2,2,0,1,5,10,16,-6.787329243328365,-7.415504762958847,884,883,1,False,14,8.323381003048574,9,0.5019142160497803,True
fourier_K6,2,2,2,0,6,12,19,-6.674671257346795,-7.555320156535672,884,883,1,False,14,7.9806404434157034,8,0.43536351230017756,True
fourier_K1,0,1,1,0,2,2,5,-6.596513607423342,-6.664928658734631,884,883,1,True,14,18.24889584554324,12,0.10833953229170669,True
fourier_K2,1,3,0,0,4,4,9,-6.5880256988127215,-6.79421126582303,884,883,1,False,14,10.37998256525503,10,0.4078120315604545,True
fourier_K2,0,3,0,0,3,4,8,-6.548511887407578,-6.713271612808036,884,883,1,True,14,13.395791726882997,11,0.2682453898136887,True
fourier_K6,2,2,0,2,6,12,19,-6.546135140210346,-7.426784039399223,884,883,1,False,14,7.9327131248510465,8,0.4400704158180029,True
fourier_K1,0,1,0,1,2,2,5,-6.504966936804886,-6.573381988116175,884,883,1,True,14,18.48508819947222,12,0.10173578317051503,True
fourier_K5,2,2,0,0,4,10,15,-6.43650105039098,-6.990134268384061,884,883,1,True,14,10.927302719129392,10,0.36320980378331236,True
fourier_K2,1,2,0,0,3,4,8,-6.310100841957407,-6.474860567357865,884,883,1,True,14,13.336142220330759,11,0.27192417207648195,True
fourier_K6,2,2,2,1,7,12,20,-6.17247978782617,-7.1469577460628315,884,883,1,False,14,10.489032122833441,7,0.16251212949349794,True
fourier_K3,0,1,0,0,1,6,8,-6.05887153038444,-6.223631255784898,884,883,1,True,14,21.21724696723822,13,0.06874138619454284,True
fourier_K6,1,2,1,1,5,12,18,-5.944644917491708,-6.736311584158372,884,883,1,False,14,11.280741991110963,9,0.2569553162181969,True
fourier_K6,2,2,1,2,7,12,20,-5.523205369266648,-6.49768332750331,884,883,1,False,14,8.374599455714858,7,0.3007233516137959,True
fourier_K3,0,1,1,0,2,6,9,-5.111681690291309,-5.317867257301618,884,883,1,True,14,18.50762305139987,12,0.10112414851894239,True
fourier_K5,2,2,2,0,6,10,17,-5.102590274287095,-5.810104725154147,884,883,1,False,14,8.040164247623675,8,0.4295566212046261,True
fourier_K3,0,1,0,1,2,6,9,-5.042637118386374,-5.248822685396682,884,883,1,True,14,18.696787292853944,12,0.0961133411926331,True
fourier_K5,1,2,1,1,5,10,16,-4.993854162879039,-5.62202968250952,884,883,1,False,14,12.032120430768483,9,0.21150456151946398,True
fourier_K5,2,2,0,2,6,10,17,-4.988391175617409,-5.6959056264844605,884,883,1,True,14,8.04267721758493,8,0.4293124232110719,True
fourier_K4,0,1,0,0,1,8,10,-4.72224945395665,-4.9745430319383,884,883,1,True,14,21.318966983388652,13,0.06685470519843043,True
fourier_K6,2,3,1,1,7,12,20,-4.564167439324734,-5.538645397561396,884,883,1,False,14,7.845966781544592,7,0.34637229615402504,True
fourier_K2,0,1,0,0,1,4,6,-3.744653366353994,-3.8405437773128988,884,883,1,True,14,21.23050604529947,13,0.06849282763430502,True
fourier_K4,0,1,1,0,2,8,11,-3.7064292630132094,-4.009529148202645,884,883,1,True,14,18.72694296920128,12,0.0953346522338709,True
fourier_K4,0,1,0,1,2,8,11,-3.6441950673850165,-3.9472949525744525,884,883,1,True,14,18.898342828764097,12,0.0910114410312054,True
fourier_K5,2,2,2,1,7,10,18,-3.5268954435975886,-4.318562110264253,884,883,1,False,14,8.050717547112294,7,0.3281429443428464,True
fourier_K5,2,2,1,2,7,10,18,-3.5237157538280073,-4.315382420494672,884,883,1,False,14,7.894202706239058,7,0.3420154678087984,True
fourier_K2,0,1,1,0,2,4,7,-2.9718801606027974,-3.0998801606027975,884,883,1,True,14,18.236353130352168,12,0.10870022009833748,True
fourier_K2,0,1,0,1,2,4,7,-2.8813198673721914,-3.0093198673721915,884,883,1,True,14,18.468256124100385,12,0.10219470321300192,True
fourier_K6,0,1,0,1,2,12,15,-2.7778390430847892,-3.33147226107787,884,883,1,True,14,19.550679134183294,12,0.0760774411454083,True
fourier_K5,0,1,0,1,2,10,13,-1.797569480361151,-2.2164417473346845,884,883,1,True,14,19.147424780569096,12,0.08503223236057192,True
monthly,3,2,1,1,7,12,20,3.002077102292823,2.027599144056161,884,883,1,False,14,2.8314525003996702,7,0.9001441393369113,True
monthly,4,2,1,1,8,12,21,4.847936102750403,3.774765371043088,884,883,1,False,14,2.3617606496264747,6,0.8836067247342053,True
monthly,3,3,1,1,8,12,21,4.986705063484841,3.9135343317775266,884,883,1,False,14,2.5187731604471115,6,0.8663607616351641,True
monthly,3,2,2,1,8,12,21,6.282911605855581,5.209740874148267,884,883,1,False,14,3.4553921537850742,6,0.7498948087561546,True
monthly,3,2,1,2,8,12,21,6.527807823994074,5.4546370922867595,884,883,1,False,14,3.4605836157894014,6,0.7492062769215122,True
monthly,4,3,1,1,9,12,22,7.333532350972995,6.156788164926482,884,883,1,False,14,2.441115081834387,5,0.785335959220737,True
monthly,2,2,1,1,6,12,19,9.246516035279857,8.36586713609098,884,883,1,False,14,9.249705132147007,8,0.32167115973634847,True
monthly,2,2,2,1,7,12,20,11.376617265158494,10.402139306921832,884,883,1,False,14,9.279843935605962,7,0.23318396642340636,True
monthly,2,2,1,2,7,12,20,11.41943740125189,10.444959443015229,884,883,1,False,14,9.133888875014042,7,0.24318582433424243,True
monthly,2,1,1,1,5,12,18,11.425793234824823,10.634126568158159,884,883,1,False,14,10.718541009723696,9,0.29549595026854536,True
monthly,4,1,1,1,7,12,20,11.608965555620962,10.6344875973843,884,883,1,False,14,6.576437704342537,7,0.4742701291358996,True
monthly,3,2,1,0,6,12,19,14.670235289221424,13.789586390032547,884,883,1,False,14,5.283037965732884,8,0.7269405094043824,True
monthly,3,2,2,0,7,12,20,14.807158664146119,13.832680705909457,884,883,1,False,14,3.8067335497388775,7,0.8017494691885594,True
monthly,3,1,1,1,6,12,19,14.927744001032206,14.047095101843329,884,883,1,False,14,7.908465884272591,8,0.4424622391406219,True
monthly,3,2,0,1,6,12,19,14.98226325525632,14.101614356067444,884,883,1,False,14,5.68368024545415,8,0.6826157951782823,True
monthly,3,2,0,2,7,12,20,15.388464952356465,14.413986994119803,884,883,1,False,14,3.93718873244346,7,0.7869829844151426,True
monthly,3,2,0,0,5,12,18,15.686027978430467,14.894361311763802,884,883,1,False,14,10.017973497949205,9,0.34903211452830185,True
monthly,2,3,1,1,7,12,20,17.58925447116741,16.61477651293075,884,883,1,False,14,9.298683124395467,7,0.23191720034729915,True
monthly,2,2,1,0,5,12,18,19.753063992954356,18.961397326287692,884,883,1,False,14,10.8011817169579,9,0.2895835478631356,True
monthly,2,2,0,1,5,12,18,20.08328520502894,19.291618538362275,884,883,1,False,14,11.107969152080395,9,0.26838077166251595,True
monthly,2,2,2,0,6,12,19,20.297585312484447,19.41693641329557,884,883,1,False,14,9.91787706996512,8,0.2708372710596087,True
monthly,2,2,0,2,6,12,19,20.565779147597237,19.68513024840836,884,883,1,False,14,9.656939119196027,8,0.2899343951485857,True
monthly,0,1,0,1,2,12,15,20.833699785692428,20.280066567699347,884,883,1,True,14,20.1919506141447,12,0.06354091627334645,True
monthly,2,2,0,0,4,12,17,21.123647125753656,20.416132674886605,884,883,1,False,14,14.768601343859721,10,0.1407287375574182,True
fourier_K1,1,0,0,0,1,2,4,199.4093916633619,199.36383357680154,884,883,1,True,14,118.19711831796944,13,4.569835061690421e-19,False
fourier_K1,1,0,1,0,2,2,5,200.80210966989614,200.73369461858485,884,883,1,True,14,117.78351087934112,12,1.708206849857469e-19,False
fourier_K2,1,0,0,0,1,4,6,203.38595519844318,203.29006478748428,884,883,1,True,14,118.27546290640028,13,4.41004032688983e-19,False
fourier_K2,1,0,1,0,2,4,7,204.7894190589039,204.6614190589039,884,883,1,True,14,117.85865704480712,12,1.650376113433147e-19,False
fourier_K3,1,0,1,0,2,6,9,208.32832135364816,208.12213578663784,884,883,1,True,14,118.48885380297752,12,1.2362648748260642e-19,False
fourier_K4,1,0,1,0,2,8,11,212.17364467730442,211.870544792115,884,883,1,True,14,118.78219804330807,12,1.0806543980245382e-19,False
monthly,1,0,1,0,2,12,15,213.43228253190284,212.87864931390976,884,883,1,True,14,110.54487971006151,12,4.668762117230766e-18,False
fourier_K5,1,0,1,0,2,10,13,216.21263952608768,215.79376725911416,884,883,1,True,14,118.89785490717264,12,1.024821432071062e-19,False
fourier_K6,1,0,1,0,2,12,15,220.04828672471265,219.49465350671957,884,883,1,True,14,119.27592224565242,12,8.616365462512283e-20,False
fourier_K1,0,0,0,0,0,2,3,366.2682305843201,366.2409268300539,884,883,1,True,14,169.52858398198845,14,8.526201769772527e-29,False
fourier_K2,0,0,0,0,0,4,5,370.2565275167174,370.18811246540616,884,883,1,True,14,169.56347103035398,14,8.388987229330407e-29,False
fourier_K3,0,0,0,0,0,6,7,374.03908834766315,373.91108834766317,884,883,1,True,14,169.85137285969117,14,7.337674337444832e-29,False
monthly,0,0,0,0,0,12,13,375.35848230429434,374.9396100373208,884,883,1,True,14,162.17902282417177,14,2.586214120252949e-27,False
fourier_K4,0,0,0,0,0,8,9,377.9802657994334,377.7740802324231,884,883,1,True,14,169.98734981647502,14,6.887965179961387e-29,False
fourier_K4,0,0,1,1,2,8,11,381.95495937796954,381.6518594927801,884,883,1,True,14,168.4408943217753,12,9.94659198118314e-30,False
fourier_K5,0,0,0,0,0,10,11,382.0563152273719,381.75321534218244,884,883,1,True,14,170.0292740222182,14,6.754945990283711e-29,False
fourier_K6,0,0,0,0,0,12,13,386.0334881028994,385.61461583592586,884,883,1,True,14,170.19843659806236,14,6.243785425709582e-29,False
fourier_K6,0,0,1,1,2,12,15,390.14952225021165,389.59588903221857,884,883,1,True,14,169.70628066583564,12,5.482163021531846e-30,False
