date,fitted,residual
2023-07-01,2.7577863708069428,-1.659174082138833
2023-07-02,2.8290305189822176,-0.631805941645998
2023-07-03,2.8645314227313246,-0.9186212736760113
2023-07-04,2.9047713630076104,-0.5068760902092397
2023-07-05,2.86287117829452,-0.7834296366146845
2023-07-06,2.892552609692622,-0.9466424606373087
2023-07-07,2.834790403515931,-1.0430309342878759
2023-07-08,2.7627352462166757,-0.6832937045368399
2023-07-09,2.8345978833040983,-0.2696485258425616
2023-07-10,2.870670104826223,-1.2612321923921226
2023-07-11,2.9114356430982795,-0.8319941014184438
2023-07-12,2.8700169236607715,-0.3851102738727712
2023-07-13,2.9001374049452635,-0.2610800753300051
2023-07-14,2.8427736750929506,-0.8968635260376374
2023-07-15,2.7710783807612693,-0.6916368390814336
2023-07-16,2.8432643396011645,-0.646039762264945
2023-07-17,2.87962551899186,-0.10703679675207889
2023-07-18,2.9206479267355374,-0.3556985692740007
2023-07-19,2.8794563547144016,-0.481561081916031
2023-07-20,2.9097767110084303,-0.5118814382100596
2023-07-21,2.8525881089397385,-0.1445379078375284
2023-07-22,2.7810457879002946,-0.3831505151019239
2023-07-23,2.853365217667648,-0.4554699448692774
2023-07-24,2.8898430688180223,-0.49194779601965166
2023-07-25,2.9309680949621457,-0.366018737500609
2023-07-26,2.8898678678295906,-0.40496121804159024
2023-07-27,2.920271100723577,-0.02989934282741258
2023-07-28,2.863159728835996,-0.37825307904799566
2023-07-29,2.7916918213034587,-0.1526344916882003
2023-07-30,2.864085676733169,-0.3791790269451685
2023-07-31,2.900640784832177,-0.19259058372996707
2023-08-01,2.9418486998895603,-0.6392636068955144
2023-08-02,2.9008397671614117,-0.12825104492163053
2023-08-03,2.9313454377045214,-0.09813209364830522
2023-08-04,2.8743503401722603,-0.16630013907005026
2023-08-05,2.8030151844769238,-1.1935772720428235
2023-08-06,2.8755608490704434,-0.31061149160890666
2023-08-07,2.912289334499761,-0.4273826847117608
2023-08-08,2.9536946290086377,-0.3887452715471009
2023-08-09,2.9129094272575347,-0.4280027774695343
2023-08-10,2.9436674377285796,0.052064835825411215
2023-08-11,2.8869554473496497,0.0034163105465148114
2023-08-12,2.8159362182616285,-0.17687888864637014
2023-08-13,2.8888325684998386,-0.8093910268200029
2023-08-14,2.925948319264171,0.06978395428981976
2023-08-15,2.967779154567157,0.21027467578078873
2023-08-16,2.9274593343480877,-0.529564061549717
2023-08-17,2.95872399663583,-0.1255106525796137
2023-08-18,2.902561217308929,-0.012189459412764503
2023-08-19,2.8321349023906817,-0.1240847012884716
2023-08-20,2.9056688646626503,-0.13308014242286914
2023-08-21,2.9434677672826286,-0.17087904504284745
2023-08-22,2.986027980206559,-0.041589001040118756
2023-08-23,2.9464842905117115,-0.2384340894095014
2023-08-24,2.97857220221171,-0.7813476248754903
2023-08-25,2.923279994118821,-0.21522979301661094
2023-08-26,2.8537716106967137,-0.45587633789834303
2023-08-27,2.928270737691539,-0.15568201545175775
2023-08-28,2.9670817452304066,-0.6644966522363607
2023-08-29,3.0107005441885994,-0.4457511867270627
2023-08-30,2.972261296923433,-0.13904795286721683
2023-08-31,3.0054987179646604,-0.44054936050312365
2023-09-01,2.951400133214904,-0.46649348342690367
2023-09-02,2.8831283726001433,-0.48523309980177265
2023-09-03,2.958905847953673,-0.125692503897457
2023-09-04,2.9990354988169345,-1.0531253497616213
2023-09-05,3.0440116519517013,-0.1536398940555368
2023-09-06,3.006966735653422,-0.2989165345512119
2023-09-07,3.041633584446375,-0.09719460527993462
2023-09-08,2.988997502703683,-0.28094730160147297
2023-09-09,2.9222191621207023,-0.43731251233270196
2023-09-10,2.9995186848125264,-0.6016234120141557
2023-09-11,3.0411965947053354,-0.2686078724655543
2023-09-12,3.0877446830013358,-0.1433057038348955
2023-09-13,3.052292728791366,-0.34424252768915586
2023-09-14,3.0885708103791774,-0.5236214529176406
2023-09-15,3.037561375842883,-0.6396661030445125
2023-09-16,2.9724221477436457,-0.4074727902821089
2023-09-17,3.051370213733158,-0.16099845583699368
2023-09-18,3.0947029857096555,-0.5297536282481188
2023-09-19,3.1429090732815257,-0.577959715819989
2023-09-20,3.1091150125912863,-0.40106481148907625
2023-09-21,3.147047586042026,-0.5079902564267678
2023-09-22,3.0976859014293514,-0.38963570032714134
2023-09-23,3.0341843053660225,-0.4692349479044857
2023-09-24,3.1147564827274965,-0.8121713897334506
2023-09-25,3.1596964247444643,-1.0802548830646286
2023-09-26,3.2094893114774927,-0.644539954015956
2023-09-27,3.1772582497023847,-0.612308892240848
2023-09-28,3.216726601724014,-0.5086764006218041
2023-09-29,3.16887007359729,-0.2784983157011256
2023-09-30,3.106839637617982,-0.9096150602817623
2023-10-01,3.1888456407872376,-0.9916210634510181
2023-10-02,3.2351787818515865,-0.7502721320635861
2023-10-03,3.2863210026294323,-0.8884257298310616
2023-10-04,3.255392234628763,-0.422178890572547
2023-10-05,3.296112736450258,-0.4628993923940419
2023-10-06,3.2494551904312283,-0.6845058329696916
2023-10-07,3.1885676333703317,-0.8859825403762858
2023-10-08,3.271657573014593,-0.43844422895837676
2023-10-09,3.3190129728887667,-0.4286412149926022
2023-10-10,3.3711131511568913,-0.23561893522774158
2023-10-11,3.3410755345002725,-0.08297899647879037
2023-10-12,3.382618002486308,-0.33809556476288494
2023-10-13,3.336710990864586,-0.24566853750626994
2023-10-14,3.276500428612016,0.09079540137445807
2023-10-15,3.3601918603912173,-0.5269785163350011
2023-10-16,3.408071436985803,-0.1891956121176026
2023-10-17,3.460616819386986,-0.5702450614908217
2023-10-18,3.430943937501311,-0.2954497215721612
2023-10-19,3.472769338940535,-0.10547350895406105
2023-10-20,3.4270622963177946,-0.208186471449594
2023-10-21,3.3669677478606066,-0.37123547430661574
2023-10-22,3.4506904229948874,-0.19259388497340524
2023-10-23,3.4985158354547394,-0.2026789694504103
2023-10-24,3.550921189584739,-0.218716679409535
2023-10-25,3.5210221407980598,0.03432592069135376
2023-10-26,3.5625351456462218,-0.384481315298276
2023-10-27,3.516429569920585,0.06708936853552494
2023-10-28,3.4558506295934266,-0.46011835603943574
2023-10-29,3.539003516251313,-0.5432712426973221
2023-10-30,3.586174389575302,-0.2539698794000982
2023-10-31,3.6378412825358155,-0.45978745218786976
2023-11-01,3.6071208602678397,-0.3112839942635106
2023-11-02,3.647730768085867,-0.0368128554416427
2023-11-03,3.6006417370635657,-0.16665453257841945
2023-11-04,3.539000521992135,-0.17170469200566085
2023-11-05,3.621014023377374,-0.09465349876121243
2023-11-06,3.666970276038588,-0.08345133758247814
2023-11-07,3.71734934998687,-0.028469895872933915
2023-11-08,3.6852701045593466,-0.2512829000742003
2023-11-09,3.7244525312808054,-0.16910446979139193
2023-11-10,3.6758698538908536,0.19533115701703752
2023-11-11,3.6126714603647394,-0.08631093574857784
2023-11-12,3.693067018603126,-0.08214910595890146
2023-11-13,3.737347458370138,-0.2716115555704115
2023-11-14,3.7859958651744137,-0.17507795253018932
2023-11-15,3.7521342270877995,-0.31814702260265326
2023-11-16,3.7894857699920723,-0.2929782085255921
2023-11-17,3.73902704971153,-0.12810913706730576
2023-11-18,3.6739108758801096,0.08728923981345282
2023-11-19,3.7523504192394754,0.05431207053084419
2023-11-20,3.7946401849692672,0.03400121151982782
2023-11-21,3.841266897766623,-0.257747959310513
2023-11-22,3.805356239692586,-0.4041588580304305
2023-11-23,3.8406351762991666,-0.2571162378430567
2023-11-24,3.788084039518742,-0.0038944056004810435
2023-11-25,3.720859442188578,-0.2551235393888516
2023-11-26,3.7971783759313853,-0.4649738657561815
2023-11-27,3.837339175017705,-0.2538202365615949
2023-11-28,3.881832391952068,-0.4478451874669216
2023-11-29,3.843787525825395,0.08803810689893066
2023-11-30,3.8769353389722987,-0.2934164005161888
2023-12-01,3.8222599304398157,-0.42106254877766025
2023-12-02,3.752921641165091,-0.2265611165489294
2023-12-03,3.827141142607441,-0.36140523980771455
2023-12-04,3.8652203914849226,-0.338859866868761
2023-12-05,3.9076534963813123,-0.14645338068774993
2023-12-06,3.8675734372895887,0.13975974794288248
2023-12-07,3.8987143736537555,-0.20983491953981925
2023-12-08,3.842063709438201,-0.28671564794878757
2023-12-09,3.7707849901442376,-0.15986707750001328
2023-12-10,3.8431019835407505,-0.23218407089652615
2023-12-11,3.8793196267799046,0.09097228677221736
2023-12-12,3.919934885683904,-0.007911880255758064
2023-12-13,3.8780834672882243,0.07316025129320325
2023-12-14,3.907502121221604,-0.015681823110977433
2023-12-15,3.8491806984696133,0.13980334809466122
2023-12-16,3.776285042458074,-0.08740558834413781
2023-12-17,3.8470410642389803,-0.10937144595561188
2023-12-18,3.8817556844644945,0.08853622908762748
2023-12-19,3.92092768794867,0.049364225603452105
2023-12-20,3.877694431914799,-0.02754683020474058
2023-12-21,3.9057941435200982,-0.216914689406162
2023-12-22,3.8462179752147634,-0.1826563290851171
2023-12-23,3.7721328928807383,0.09906811802715287
2023-12-24,3.8417657485406678,0.1285261650114542
2023-12-25,3.875424220329257,0.26771050606227575
2023-12-26,3.9136076655320275,0.01821796719229818
2023-12-27,3.869453827793491,-0.019306226083432687
2023-12-28,3.896701134089282,-0.18312906738497414
2023-12-29,3.836340750020832,-0.07514063432726958
2023-12-30,3.7615394683782055,0.10966154252968563
2023-12-31,3.830523782760541,-0.3041632581443796
2024-01-01,3.8636008289440267,-0.07941119502576566
2024-01-02,3.9012692397988085,0.03055639292551726
2024-01-03,3.856665854852016,-0.02802445836292078
2024-01-04,3.8835280200853415,0.19400942382037822
2024-01-05,3.822845646518398,-0.06164553082483559
2024-01-06,3.747784102514926,0.20345961606650143
2024-01-07,3.8165682915915187,0.09545471383662729
2024-01-08,3.8495035984078516,0.021697412500039537
2024-01-09,3.887086748727753,-0.14941713044438476
2024-01-10,3.842452524435078,0.18289916630007186
2024-01-11,3.869336069178563,0.08190764940286455
2024-01-12,3.808724953181579,0.019916443307515852
2024-01-13,3.733782072137517,0.27355111309495417
2024-01-14,3.802729731953221,-0.13916808582357465
2024-01-15,3.8358706020012656,0.13442131155085635
2024-01-16,3.873698582651358,-0.18481912853742166
2024-01-17,3.8293455281449806,-0.0007041316558855648
2024-01-18,3.856543560366813,-0.524339050191609
2024-01-19,3.7962771420275168,-0.21275820357140685
2024-01-20,3.7217059841566558,-0.3205086024945003
2024-01-21,3.791049139645569,-0.29454157817908877
2024-01-22,3.82460596547789,0.08741703995025585
2024-01-23,3.8628669993944245,0.19757601115199463
2024-01-24,3.8189606920324812,0.09306231339566473
2024-01-25,3.8466157300688866,0.10462798851254096
2024-01-26,3.786813118856625,-0.07324105215231702
2024-01-27,3.7127090994290413,0.02496051885432715
2024-01-28,3.7825192515864288,-0.17160133894220442
2024-01-29,3.8165394656776264,0.0752808324330001
2024-01-30,3.8552568287982156,-0.21767066907182997
2024-01-31,3.811796366420389,0.3778583756060363
2024-02-01,3.839883374958748,0.2205596355876711
2024-02-02,3.780495513737235,0.27994749680918396
2024-02-03,3.70678573120659,-0.2102781697401097
2024-02-04,3.7769663771029705,0.0072232568152905685
2024-02-05,3.811330183136489,-0.004667693366169345
2024-02-06,3.8503611579078783,0.020839853000012898
2024-02-07,3.807181337045425,-0.045981221351862445
2024-02-08,3.8355131240440947,-0.07431300835053234
2024-02-09,3.776331390250303,0.4431763149258039
2024-02-10,3.702786408820667,0.5598934682206487
2024-02-11,3.7730879743250347,0.5444001392112754
2024-02-12,3.807526390563013,-0.06985677227964437
2024-02-13,3.8465833722734475,-0.15770391815951124
2024-02-14,3.803378801711209,-0.01918916779294788
2024-02-15,3.8316330755562626,-0.16807142942661635
2024-02-16,3.7723192105825656,0.11950108752806088
2024-02-17,3.698585782900218,0.10807670687010162
2024-02-18,3.7686410524272924,-0.055068985722984465
2024-02-19,3.802773955147803,0.003888534622516815
2024-02-20,3.8414650088236426,0.029736002084248536
2024-02-21,3.7978330731243415,0.13399255959998424
2024-02-22,3.825597699630335,-0.11202563292602719
2024-02-23,3.765731240129204,-0.15481332748497945
2024-02-24,3.691381788011434,-0.29018440634927867
2024-02-25,3.760757304416536,-0.09719565828688959
2024-02-26,3.794146611681604,-0.1832286990373797
2024-02-27,3.832030299757101,-0.27668223826768745
2024-02-28,3.7875274865519,-0.23217942506248646
2024-02-29,3.814358167662786,-0.23083922920667588
2024-03-01,3.7534953239086337,0.07514607258046135
2024-03-02,3.6780878614779082,0.08311225421565416
2024-03-03,3.7463447363436275,-0.10875857661724186
2024-03-04,3.7785559455025273,-0.22320788401311376
2024-03-05,3.8152034307090448,0.013437965780050298
2024-03-06,3.7694078356732907,-0.03173821738992233
2024-03-07,3.794890852186539,-0.42759502220006507
2024-03-08,3.73262732360399,-0.43679045759966106
2024-03-09,3.6557681805041504,-0.3235636703289466
2024-03-10,3.7225245601908594,-0.008952493486551472
2024-03-11,3.7531887926076384,0.07545260388145669
2024-03-12,3.7882452983490573,-0.35425809386391105
2024-03-13,3.7408173397533684,-0.15729840129725847
2024-03-14,3.7646293605560466,-0.05105729385173863
2024-03-15,3.7006590825510495,-0.037097436421403174
2024-03-16,3.6220604340971065,-0.1255528726306263
2024-03-17,3.6870476621539114,0.001831791960024809
2024-03-18,3.715916310437553,0.15528470047033816
2024-03-19,3.749154109400299,0.10099349230975951
2024-03-20,3.6998877190401185,0.10677477073020114
2024-03-21,3.7218450600413617,-0.3545492300548876
2024-03-22,3.6560074017157964,-0.045089489071572064
2024-03-23,3.5755322816042336,0.08802936452541266
2024-03-24,3.6386376084470196,0.050241845666916696
2024-03-25,3.6656226311365163,-0.13926210652035476
2024-03-26,3.69697881938088,-0.26299161489573386
2024-03-27,3.645836597108947,-0.27854076712247267
2024-03-28,3.6659276641423295,-0.0824087256862196
2024-03-29,3.5982370746287553,-0.23094124464228116
2024-03-30,3.5159261471217933,-0.33787231677384755
2024-03-31,3.577216558040184,0.033701354604040556
2024-04-01,3.6024113011448344,0.15878881454872795
2024-04-02,3.632005558787539,0.19663583770155624
2024-04-03,3.5791334259859062,0.03178448665831812
2024-04-04,3.5975302228749597,-0.23023439288848557
2024-04-05,3.5281845640535345,-0.1608887340670604
2024-04-06,3.444261259734355,0.13925767872175498
2024-04-07,3.5039854004542823,0.32465599603481277
2024-04-08,3.527663308005618,0.1358983381240284
2024-04-09,3.5557933983647696,0.08179276136161606
2024-04-10,3.5015128976944077,0.3486347040156508
2024-04-11,3.5185601469905667,0.09235776565365761
2024-04-12,3.447926663913077,-0.5034876847466365
2024-04-13,3.3627800367276897,0.07120716775745661
2024-04-14,3.421348002135062,-0.0201506204729065
2024-04-15,3.44393938966525,0.31726072602831223
2024-04-16,3.471054978430922,0.26661463985244627
2024-04-17,3.415834207331275,0.3453659083622873
2024-04-18,3.432017474293041,0.3746450154772787
2024-04-19,3.3605981931007918,0.1657623315153698
2024-04-20,3.2747456827576835,0.25161484185847804
2024-04-21,3.332689241163449,0.49595215532564607
2024-04-22,3.3547390857987924,0.20060897569062108
2024-04-23,3.3813972072187206,0.14496331739744095
2024-04-24,3.32580407645494,0.07539330520721554
2024-04-25,3.3417009419206076,0.3218607042090387
2024-04-26,3.2700818843753225,0.28526617711409097
2024-04-27,3.1841167048959194,0.07397983312556278
2024-04-28,3.2420349976430507,-0.023159172774850134
2024-04-29,3.2641470901145953,-0.006050552093113115
2024-04-30,3.290954896689043,-0.11290106634109742
2024-05-01,3.2355986265583407,0.022497911463141396
2024-05-02,3.2518190816415458,-0.11632486571239609
2024-05-03,3.18060971303399,0.07748682498749204
2024-05-04,3.0951395109330613,-0.2619261668768451
2024-05-05,3.1536370798248745,-0.26326532192871
2024-05-06,3.1764115816159677,-0.08536912825765164
2024-05-07,3.203963592505013,0.23002361198013332
2024-05-08,3.1494318146847093,0.1086647233367728
2024-05-09,3.1665553784547136,0.12928148754961555
2024-05-10,3.0963259032886876,-0.051803465565264606
2024-05-11,3.011910392783844,-0.016178119229853127
2024-05-12,3.071535315263468,0.186561222758014
2024-05-13,3.095507552701719,-0.1510685735352788
2024-05-14,3.124325263749893,0.1715116022544363
2024-05-15,3.071124601937549,0.019917851420767185
2024-05-16,3.0896420246116807,-0.04511958688825768
2024-05-17,3.020866361138495,-0.2482776388987138
2024-05-18,2.937961715276846,-0.5400664424784751
2024-05-19,2.9991515534737236,0.13634266245542603
2024-05-20,3.0247396617303166,-0.3856823321150582
2024-05-21,3.0552210167964065,0.1228328135515393
2024-05-22,3.0037285127444777,-0.438779155282941
2024-05-23,3.023995278464191,0.06704717489412504
2024-05-24,2.957006754578773,0.2618690702894275
2024-05-25,2.8759236046689525,0.06851537449748779
2024-05-26,2.9389658125311007,0.10555662519232234
2024-05-27,2.9664336480940365,-0.4014842906324998
2024-05-28,2.9988185477280402,-0.5139118979400399
2024-05-29,2.9492498499730204,-0.46434320018502007
2024-05-30,2.9714571222020303,0.11958533115628578
2024-05-31,2.906422246697169,-0.13383352445738783
2024-06-01,2.8273023409990357,-0.429407068200665
2024-06-02,2.892313864232067,0.3657826737894152
2024-06-03,2.921753592006034,-0.2826962623907754
2024-06-04,2.956109505603311,-0.1228961615470947
2024-06-05,2.9085075364552666,-0.07529419239905044
2024-06-06,2.93267390140068,0.011765077765760079
2024-06-07,2.869587197180422,0.07485178198601838
2024-06-08,2.792401329007226,0.5748945009792483
2024-06-09,2.859329624891089,-0.37442297510308853
2024-06-10,2.890665818299421,0.15385661942400208
2024-06-11,2.926894944841024,0.2511588855069218
2024-06-12,2.881140093957477,0.2099023594008389
2024-06-13,2.9071247510958056,-0.2680674214805472
2024-06-14,2.845824898798476,0.2896693171306737
2024-06-15,2.7703919515322237,0.32065050182609234
2024-06-16,2.839036875919836,0.20548556180358712
2024-06-17,2.8720511789385665,0.17247125878485647
2024-06-18,2.909917809759826,0.034521169406614316
2024-06-19,2.865757916200299,0.12997435735369178
2024-06-20,2.8932931912460527,0.36480334677542947
2024-06-21,2.8334979780744463,0.3019962378547034
2024-06-22,2.7595222083852713,0.2850002293381517
2024-06-23,2.8295755256963067,0.5377203042901675
2024-06-24,2.863948276159268,0.3141055541886777
2024-06-25,2.9031224125642185,0.3549741254572636
2024-06-26,2.860218252497336,0.23082420086098
2024-06-27,2.8889568261095198,0.24653738981962992
2024-06-28,2.8303119819178315,-0.12226178081562145
2024-06-29,2.757433325449651,0.33360912790866504
2024-06-30,2.8285303423844366,0.3495234879635092
2024-07-01,2.863893388750011,0.46831112142519293
2024-07-02,2.9040045938436934,0.42819991633151044
2024-07-03,2.861984616846626,0.2290578365116902
2024-07-04,2.891554992593479,0.15296744512994387
2024-07-05,2.8336902349255007,0.3443635954224451
2024-07-06,2.7615407724439125,0.12883098545225202
2024-07-07,2.833317068326911,0.3021771476022388
2024-07-08,2.8693106067766845,-0.09672188453690334
2024-07-09,2.9100047917774545,0.22548942415169515
2024-07-10,2.868521699144621,0.5326756825175343
2024-07-11,2.898584417340094,0.35951212068138805
2024-07-12,2.8411691454956385,-0.06858042325585734
2024-07-13,2.7694281234761764,0.2750943142472466
2024-07-14,2.8415737456621635,0.2939204702669862
2024-07-15,2.8778995410342816,0.7596866186921041
2024-07-16,2.918891065259118,0.3769458007452111
2024-07-17,2.877672645774455,0.5235247358877007
2024-07-18,2.9079697153685458,0.5885378460979345
2024-07-19,2.8507609027152525,0.6457466587512277
2024-07-20,2.7792009547176875,0.5530035554575163
2024-07-21,2.8515048423608267,0.5824823621243196
2024-07-22,2.887968732678229,0.37012780534325307
2024-07-23,2.9290808725539383,0.2897949523142622
2024-07-24,2.8879683253810406,0.3701282126404415
2024-07-25,2.9183592960944886,0.5473766067052379
2024-07-26,2.8612352130636074,0.2742590028655423
2024-07-27,2.7897536417207536,0.6114437399414019
2024-07-28,2.862132381650582,0.505163448335892
2024-07-29,2.898670429769188,0.39716643623514125
2024-07-30,2.9398588553383935,0.525877047461333
2024-07-31,2.898827527860851,0.23666668806829882
2024-08-01,2.929307433397682,0.4718899482644736
2024-08-02,2.872282747818077,-0.039069403761860855
2024-08-03,2.800913741881103,0.5663820881053709
2024-08-04,2.873420869897725,-0.23436354028246642
2024-08-05,2.910105724625507,-0.4251990748375065
2024-08-06,2.951461904164091,0.09306053355933219
2024-08-07,2.910621731919492,0.4215827782557118
2024-08-08,2.9413185652008136,0.3908859449743902
2024-08-09,2.8845388609800744,0.29351496936787136
2024-08-10,2.8134450737361125,0.13099390543032774
2024-08-11,2.886259737150517,0.2047827162077991
2024-08-12,2.923286412327353,0.12123602539606981
2024-08-13,2.965020548323226,0.4022752816632482
2024-08-14,2.9245961960733724,0.21089801985577727
2024-08-15,2.9557483112941223,0.039983962259868555
2024-08-16,2.8994648149082662,0.6268957097078953
2024-08-17,2.8289094859291253,0.3899663389390753
2024-08-18,2.902306038585125,0.14221639913829787
2024-08-19,2.9399590663694317,0.5257768364302948
2024-08-20,2.9823648988128935,-0.1491515547566773
2024-08-21,2.9426583120765795,0.5837022125395821
2024-08-22,2.9745748289536977,0.3927210010327764
2024-08-23,2.9191027768357034,0.33899376118577873
2024-08-24,2.8494061785854896,0.4464306874188395
2024-08-25,2.9237088281053216,0.6316392333840919
2024-08-26,2.962315233288729,0.25656059157947153
2024-08-27,3.0057214721579966,0.6318646875683891
2024-08-28,2.967061903285704,0.40023392670076996
2024-08-29,3.0000714660909895,0.555276595398424
2024-08-30,2.9457377395649997,0.7678343271393082
2024-08-31,2.8772238343667738,0.5239735472953817
2024-09-01,2.9527524700743863,0.5437550913920939
2024-09-02,2.992626920276403,0.5038806411900771
2024-09-03,3.0373418712999634,0.5461770671561466
2024-09-04,3.000030135667347,0.25806640235413525
2024-09-05,3.0344249558639107,0.6291366902657356
2024-09-06,2.981512066962909,0.7796880487306534
2024-09-07,2.914452593038287,0.5512833097614394
2024-09-08,2.991467129139041,0.7462024891443275
2024-09-09,3.032856691497799,0.5224913699916147
2024-09-10,3.079113581756525,0.1397622431116754
2024-09-11,3.0433681062867084,0.42236779651301815
2024-09-12,3.079350886171467,0.7273116035988525
2024-09-13,3.0280449263786418,-0.0323126528246509
2024-09-14,2.962608519038634,0.6209104194174757
2024-09-15,3.041259332582376,0.4552482288841042
2024-09-16,3.0842953693930615,0.41221219207341875
2024-09-17,3.1322058377347517,0.4231422237546618
2024-09-18,3.098117879014706,0.12075794585349442
2024-09-19,3.1357588859257213,0.19644562424948253
2024-09-20,3.0861085799757593,1.1479979246215004
2024-09-21,3.0223219232963476,0.30988258687885617
2024-09-22,3.102613216462286,0.6350564018210823
2024-09-23,3.1472770649531325,0.6593854248171871
2024-09-24,3.196799259995944,0.6950210381146826
2024-09-25,3.1643035148222767,0.5492685518820313
2024-09-26,3.2035137918615924,0.1976835898005631
2024-09-27,3.155406389354062,0.5822632289293064
2024-09-28,3.0931328622498744,0.5444532974765113
2024-09-29,3.174904129103121,0.3216034323633594
2024-09-30,3.2210114475663483,0.03708509045513386
2024-10-01,3.271937304200909,0.31158163425520113
2024-10-02,3.2408021596119654,0.05503470639236374
2024-10-03,3.2813267844063434,0.18440911839338314
2024-10-04,3.2344843544325745,0.19950285005257173
2024-10-05,3.1734233801468967,0.3230841813195835
2024-10-06,3.2563518217904286,0.14484555987172687
2024-10-07,3.3035580729611196,0.09763930870103588
2024-10-08,3.35552185827376,0.011773971712714104
2024-10-09,3.325360986095566,0.2009995385205956
2024-10-10,3.366793691834887,-0.14791786696668652
2024-10-11,3.320790740222419,0.3927813264818889
2024-10-12,3.260498361409485,0.2360092000569951
2024-10-13,3.344122372550225,0.21122568893918858
2024-10-14,3.391949167433746,0.07378673536598068
2024-10-15,3.4444566198428985,0.21910502628674777
2024-10-16,3.414760841611529,0.4353867600985293
2024-10-17,3.45657853084305,0.15433938180117446
2024-10-18,3.4108790787160856,0.25268256741356065
2024-10-19,3.3508075096891603,0.4558549800811593
2024-10-20,3.4345686067597945,0.457251691350832
2024-10-21,3.4824479043337178,0.6446864807113739
2024-10-22,3.534922594371712,0.5922117906733795
2024-10-23,3.5051082867778938,0.6380264396136388
2024-10-24,3.546721359485544,0.6579712599054219
2024-10-25,3.500731066660674,0.6101427975126374
2024-10-26,3.4402824798309792,0.4915431528933465
2024-10-27,3.523580613592518,0.32656698811754037
2024-10-28,3.57091141844802,0.8599053803952934
2024-10-29,3.622752686443835,0.7592739482300463
2024-10-30,3.5922208105700744,0.48531663333564534
2024-10-31,3.633033133382123,0.5716594860088429
2024-11-01,3.5861600532669424,0.6333476519091645
2024-11-02,3.5247479631664507,0.6183867632250819
2024-11-03,3.6070033734160436,0.26419763749184755
2024-11-04,3.6532139012592544,0.3541192839732168
2024-11-05,3.703859172713776,0.3736782711919435
2024-11-06,3.672057577762876,0.27918614081855164
2024-11-07,3.711528614340938,0.09513387542938156
2024-11-08,3.663244989548374,0.32573905701590045
2024-11-09,3.6003555529209845,-0.01683661446487461
2024-11-10,3.6810694134258193,-0.07015150078159493
2024-11-11,3.7256769227595066,-0.06211527662986027
2024-11-12,3.774660570640221,-0.03699095235685279
2024-11-13,3.7411417330843086,0.15067856502631782
2024-11-14,3.7788430091541167,0.07130459255594168
2024-11-15,3.728740314631013,-0.06517866850136667
2024-11-16,3.6639858074582072,0.1426766823121124
2024-11-17,3.742791996645733,-0.07923035051608673
2024-11-18,3.7854527172345587,0.3889345526610781
2024-11-19,3.8324540170327097,0.017693584677348717
2024-11-20,3.796920896136664,-0.2705603715205025
2024-11-21,3.8325796347474057,-0.14370018063346945
2024-11-22,3.7804098777584136,-0.04274025947504523
2024-11-23,3.7135675509839148,0.04763256470964761
2024-11-24,3.790268960743846,-0.26390843612768444
2024-11-25,3.8308117594268607,-0.09314214114349229
2024-11-26,3.875685822768854,-0.40994991996912766
2024-11-27,3.8380199798850367,0.012127621825021695
2024-11-28,3.8715443315898135,-0.1103442158962511
2024-11-29,3.8172423255066104,0.2081093652285393
2024-11-30,3.7482736628608726,-0.22191313824471104
2024-12-01,3.8228583886974157,-0.13397893458347943
2024-12-02,3.861297848168066,-0.05463535839774636
2024-12-03,3.9040855546514415,-0.34873749316202796
2024-12-04,3.8643539107669524,-0.3379933861507909
2024-12-05,3.8958365178410066,-0.18226445113669865
2024-12-06,3.839520242350853,0.05230005575977348
2024-12-07,3.768568114262085,-0.2132200527726713
2024-12-08,3.8412034090232443,-0.08000329332968192
2024-12-09,3.8777305958851422,-0.09354096196688122
2024-12-10,3.918646198327718,-0.15744608263415572
2024-12-11,3.8770855076768265,-0.13941588939345806
2024-12-12,3.9067848854884275,-0.1691152672050591
2024-12-13,3.848733823244314,-0.2933857617549003
2024-12-14,3.7760978342932106,-0.0872183801792743
2024-12-15,3.8471025298175885,-0.10943291153422008
2024-12-16,3.882054561509734,-0.053413165020638864
2024-12-17,3.921452476754835,0.02979124182659243
2024-12-18,3.8784334274173373,-0.0942437934990763
2024-12-19,3.906735467820855,0.20413839635245656
2024-12-20,3.8473496104774405,-0.38161370767771396
2024-12-21,3.7734427145105744,0.21554133205370007
2024-12-22,3.8432415585615836,0.14574248800269096
2024-12-23,3.8770537808711496,-0.07039129110082998
2024-12-24,3.9153787323406255,-0.30446081969640115
2024-12-25,3.8713541836750727,-0.4701568020129172
2024-12-26,3.898718622202734,0.2756686476929029
2024-12-27,3.838463306929899,0.2558812552922016
2024-12-28,3.763755156777397,0.2252288897868775
2024-12-29,3.8328208237890102,0.31031390260252234
2024-12-30,3.8659676340027898,0.046055371425356206
2024-12-31,3.903694441787982,-0.43795853898825543
2025-01-01,3.8591383387462477,-0.07494870482798666
2025-01-02,3.8860369527673306,0.3766429242739848
2025-01-03,3.8253805057923604,0.25215693811335926
2025-01-04,3.7503347052239815,0.46917299995212547
2025-01-05,3.819124820765327,0.44355505627598824
2025-01-06,3.852056629369375,0.2083863811770441
2025-01-07,3.8896272740907274,0.09935677247354713
2025-01-08,3.8449719779266998,0.0670510275014462
2025-01-09,3.871826348224972,0.11715769833930256
2025-01-10,3.8111784401969544,-0.07350882191358599
2025-01-11,3.7361916544610163,0.09244974202807876
2025-01-12,3.805088820381534,0.16520309317058812
2025-01-13,3.8381731478682357,0.16916003736423546
2025-01-14,3.8759390934099507,0.21840546881214973
2025-01-15,3.8315190814107907,-0.07031896571722829
2025-01-16,3.8586458163863613,0.23569874583573913
2025-01-17,3.7983043545387205,0.17198755901340146
2025-01-18,3.7236550096130623,0.22758870896836525
2025-01-19,3.7929174447802625,-0.3589302402951162
2025-01-20,3.82639163318734,-0.08872201490397158
2025-01-21,3.864568732926935,-0.014421131216876493
2025-01-22,3.8205778174703933,-0.23705887901428335
2025-01-23,3.8481481970981366,-0.13457613039382865
2025-01-24,3.7882614998217816,0.12376150560636434
2025-01-25,3.7140745866764346,-0.1031566740322103
2025-01-26,3.7838036531025034,0.06634394860755499
2025-01-27,3.8177451990341136,-0.10417313232980563
2025-01-28,3.8563869134201747,-0.35987935195369447
2025-01-29,3.8128544141975826,-0.25750635270816913
2025-01-30,3.8408735792251565,0.030327431682734662
2025-01-31,3.7814226366478167,0.27902037389860235
2025-02-01,3.7076550895446,-0.09673717690037575
2025-02-02,3.777783826555272,0.006405807362988902
2025-02-03,3.8121021010783256,0.19523108415414558
2025-02-04,3.851094424742478,0.22644301916324183
2025-02-05,3.8078833161476244,0.042264285562434
2025-02-06,3.8361916403608123,-0.0075502438717172105
2025-02-07,3.7769947076142407,-0.08811525350030447
2025-02-08,3.7034432060369893,0.22838242668733644
2025-02-09,3.7737473200939986,-0.1101856739643523
2025-02-10,3.8081977173045654,-0.001535227534245731
2025-02-11,3.847276448922717,-0.018635052433622068
2025-02-12,3.804103705556488,-0.33836780275676137
2025-02-13,3.832400163193605,-0.07120004750004272
2025-02-14,3.773139088063442,-0.21779102657402838
2025-02-15,3.6994692751507685,0.10719321461955111
2025-02-16,3.7695991720196496,0.23773401321282162
2025-02-17,3.8038178705056347,0.3393168558858979
2025-02-18,3.8426060119455467,0.2682678522277646
2025-02-19,3.7990825469099914,0.40561007248097436
2025-02-20,3.826967084895301,0.10485854782902493
2025-02-21,3.7672320023951884,-0.2118839409057749
2025-02-22,3.6930253841592506,0.21899762126889533
2025-02-23,3.762555149289474,0.24477803594299719
2025-02-24,3.796110044727008,0.010552445043311653
2025-02-25,3.834170551793806,0.0778524536343399
2025-02-26,3.7898556467508846,0.06029195495917383
2025-02-27,3.816885150827791,-0.032695516909529765
2025-02-28,3.7562318381427326,-0.1453139254985083
2025-03-01,3.6810443763209424,0.16910322538911604
2025-03-02,3.749531451464216,-0.03595938475990801
2025-03-03,3.781982760026869,0.31236180219523124
2025-03-04,3.8188799132670406,-0.26353185177762706
2025-03-05,3.7733431952406344,0.07680440646942399
2025-03-06,3.799093909799302,0.13273172292502355
2025-03-07,3.737106485019944,-0.12618857237571968
2025-03-08,3.660531409882551,0.12365822403570981
2025-03-09,3.7275793548597442,0.16424094325088223
2025-03-10,3.758542158984807,0.15348084644333904
2025-03-11,3.793903729079882,0.17638818447223992
2025-03-12,3.746786792125359,-0.0091171738419904
2025-03-13,3.770915236246737,0.1209050618638896
2025-03-14,3.7072662087622663,-0.48839038389406575
2025-03-15,3.628993046125023,-0.296788535949819
2025-03-16,3.6943093874405166,0.0898802464777444
2025-03-17,3.723510154145272,-0.03463070003133595
2025-03-18,3.7570824415474853,-0.09352079541783898
2025-03-19,3.708152263231046,0.029517355052322447
2025-03-20,3.730446883820152,-0.06688523769050558
2025-03-21,3.6649469085694437,-0.1684393471029635
2025-03-22,3.5848092046355786,0.07875244149406768
2025-03-23,3.6482510057341058,0.06532106097020218
2025-03-24,3.6755708827903812,0.10861875112787978
2025-03-25,3.7072596263093485,0.16394138459854268
2025-03-26,3.656446981489522,-0.045529068845297616
2025-03-27,3.6768639716028266,-0.45798814673462607
2025-03-28,3.609494978129812,0.24065262358024642
2025-03-29,3.527500652530972,0.13606099359867452
2025-03-30,3.5891020113829266,0.09977744273100964
2025-03-31,3.6146013975131677,0.04896024861647863
2025-04-01,3.6444933528830856,-0.06097441442697571
2025-04-02,3.5919113442694885,-0.126175441469762
2025-04-03,3.6105900772909036,-0.11408251582442341
2025-04-04,3.541517567292656,0.09606859243372945
2025-04-05,3.4578580419956246,0.37078335449347044
2025-04-06,3.517836027661245,-0.185631517486041
2025-04-07,3.5417573014298767,0.095828858296509
2025-04-08,3.5701197556051807,-0.27428288960085156
2025-04-09,3.5160601149571216,-0.14876428497064742
2025-04-10,3.533316242611675,-0.006955717995513311
2025-04-11,3.4628792030624247,0.033628358404055536
2025-04-12,3.3779161572293477,-0.08207929122501856
2025-04-13,3.436654441337095,-0.21777861646889463
2025-04-14,3.4594025122887015,0.12411642616740837
2025-04-15,3.4866608053254406,0.150925354400945
2025-04-16,3.431568445062491,-0.1357315790581617
2025-04-17,3.447865545484672,0.38077585100442324
2025-04-18,3.376545267452567,-0.009249437466092747
2025-04-19,3.29077670865846,-0.03268017063697792
2025-04-20,3.3487889778173923,-0.1299131529491917
2025-04-21,3.370892135781273,0.12561542568520734
2025-04-22,3.3975880493774704,0.003609332284685074
2025-04-23,3.3420170990712608,-0.009812588896056962
2025-04-24,3.3579204760447365,0.3309589780691997
2025-04-25,3.286292237249781,0.11490514441237432
2025-04-26,3.200302193380492,-0.5612448637652334
2025-04-27,3.2581799815551062,0.3794061781712794
2025-04-28,3.2802360053988355,-0.06136018053063497
2025-04-29,3.3069722883312602,0.02523222184394358
2025-04-30,3.251529181158569,-0.032653356290368585
2025-05-01,3.2676476595629684,0.25871286505319313
2025-05-02,3.196321380045184,0.09951548595914517
2025-05-03,3.1107195692626095,-0.220347811366445
2025-05-04,3.1690710985490087,0.08902543947247343
2025-05-05,3.1916854263017562,-0.013631595953810471
2025-05-06,3.219063454033692,-0.3286916961375277
2025-05-07,3.164344237182003,0.05453158768619737
2025-05-08,3.1812672862574365,-0.09022483289912042
2025-05-09,3.1108246268795754,-0.22045286898341088
2025-05-10,3.026183693629358,-0.19297034957314185
2025-05-11,3.0855714094923354,-0.19519965159617092
2025-05-12,3.109295133565083,-0.0647726958416599
2025-05-13,3.1378535228073012,-0.09333108508387822
2025-05-14,3.0843832489164154,-0.3117945266766342
2025-05-15,3.1026213058914793,0.1554752321300028
2025-05-16,3.0335570768146374,-0.14318531891847286
2025-05-17,2.9503552347630393,0.30774130325844284
2025-05-18,3.0112398296055476,0.28459703639878153
2025-05-19,3.036515243336773,-0.1461434854406085
2025-05-20,3.0666770597103405,0.02436539364797552
2025-05-21,3.014858789226951,-0.01912651567296031
2025-05-22,3.034794185022146,0.10070003090700386
2025-05-23,2.9674693181596323,0.16802489776951735
2025-05-24,2.886045487220162,-0.4881502144217915
2025-05-25,2.9487433139169807,-0.5508480411186101
2025-05-26,2.9758637073667256,-0.2678135062645155
2025-05-27,3.007898742753673,-0.11752698485750868
2025-05-28,2.957978395418735,-0.2499281943165248
2025-05-29,2.979832865893715,-0.3407755362784566
2025-05-30,2.9144446643622257,-0.20639446326001565
2025-05-31,2.834971529412758,0.42312500860872415
2025-06-01,2.8996305327904355,-0.12704181055065433
2025-06-02,2.928719052751966,-0.15613033051218483
2025-06-03,2.9627256617374536,0.2953708762840286
2025-06-04,2.914776869366495,0.3810599966378341
2025-06-05,2.938599456255354,0.15244299710296216
2025-06-06,2.87517256711328,-0.1671223660110699
2025-06-07,2.797650637960489,0.09272111993567567
2025-06-08,2.864247509151923,-0.03103416509570689
2025-06-09,2.8952574067893324,0.10047486676465844
2025-06-10,2.931165838214049,0.2877099866541517
2025-06-11,2.885096342567159,0.5488908619179873
2025-06-12,2.9107728318939134,0.490424549768242
2025-06-13,2.849171691231226,0.6165642115685004
2025-06-14,2.7734447125023665,-0.47085961950832056
2025-06-15,2.8418032138853997,0.15392905966859116
2025-06-16,2.8745390272213265,0.4576654829538773
2025-06-17,2.9121353991385295,0.34596113888295266
2025-06-18,2.8677137468655993,-0.03450040280938316
2025-06-19,2.894996004195674,0.10073626935831692
2025-06-20,2.834956726028538,-0.062368003788757065
2025-06-21,2.7607460263031043,-0.12168869668784588
2025-06-22,2.8305737009764567,-0.2656243435149199
2025-06-23,2.864730218606153,0.17979221911727006
2025-06-24,2.9036976242044434,0.09203464934954741
2025-06-25,2.860596297329551,0.13513597622443996
2025-06-26,2.889147299871614,-0.05593395581539795
2025-06-27,2.8303244819551354,0.6036627225300109
2025-06-28,2.7572774207674295,0.015311301472351602
2025-06-29,2.8282155439673877,-0.18915821435212932
2025-06-30,2.863429120230647,0.08100985893579304
2025-07-01,2.9034001626004553,-0.07018681854423914
2025-07-02,2.8612491856112996,-0.15319898450908953
2025-07-03,2.8906975516460514,-0.11810882940627021
2025-07-04,2.8327195749528737,-0.6354949976166542
2025-07-05,2.760465458137027,-0.36257018533865626
2025-07-06,2.832145412788727,0.11229356637771337
2025-07-07,2.8680506468112097,0.35082517805699087
2025-07-08,2.908664264127501,0.31021156074069944
2025-07-09,2.867108017743343,-0.03389467368712662
2025-07-10,2.897104651638529,-0.006732893742364521
2025-07-11,2.83962999992546,-0.0064166558692440034
2025-07-12,2.7678359181037266,0.17660306106271362
2025-07-13,2.8399343980865175,0.05043735980964703
2025-07-14,2.876218549578653,0.16830388814477004
2025-07-15,2.917173493501324,0.02726548566511644
2025-07-16,2.8759231084584713,0.06851587070796894
2025-07-17,2.90619236573535,0.5903151957311303
2025-07-18,2.8489594212872342,0.04141233660893029
2025-07-19,2.777378539566909,0.26714389815651396
2025-07-20,2.8496642008873088,0.040707557008855755
2025-07-21,2.886112074920278,0.24938214100887146
2025-07-22,2.9272099060483114,0.06852236750567942
2025-07-23,2.8860842515864777,-0.321134894124941
2025-07-24,2.916462808387827,-0.14387408614804587
2025-07-25,2.859326496313378,0.13640577724061265
2025-07-26,2.787832373438802,-0.0797821723365919
2025-07-27,2.8601977347179175,-0.6629731573816979
2025-07-28,2.8967210767279425,-0.1241323544881614
2025-07-29,2.937892974237442,0.006546004928998261
2025-07-30,2.8968428096383847,-0.12425408739860355
2025-07-31,2.9273010907797863,0.06843118277420457
2025-08-01,2.8702515257081878,0.1254807478458031
2025-08-02,2.798853929211124,0.3791999011368219
2025-08-03,2.871328312907539,-0.09873959066775795
2025-08-04,2.907975841533699,-0.26891851191844074
2025-08-05,2.949289701188844,0.18620451474030553
2025-08-06,2.9084018206049076,0.45889400938156655
2025-08-07,2.939045181000287,0.15199727235802918
2025-08-08,2.882205883044903,-0.04899253898868672
2025-08-09,2.811046045854149,0.18468622769984178
2025-08-10,2.8837878897765257,-0.5812027967824798
2025-08-11,2.920734685643683,-0.2816773560284247
2025-08-12,2.9623816162665504,0.08214082145687263
2025-08-13,2.9218624912605686,0.16917996209774744
2025-08-14,2.9529120507778375,-0.06254029288167295
2025-08-15,2.8965180266904262,-0.006146268794261722
2025-08-16,2.825844036158476,0.16988823739551506
2025-08-17,2.899113659363012,0.5973939021034682
2025-08-18,2.9366313840862572,0.007807595080183027
2025-08-19,2.978893462936229,0.23998236193197142
2025-08-20,2.9390346243105623,0.1964595916185874
2025-08-21,2.9707903726882843,-0.1375770286320681
2025-08-22,2.9151490468035015,-0.024777288907336992
2025-08-23,2.8452747106432184,0.24576774271509771
2025-08-24,2.919391229056576,-0.02901947116041148
2025-08-25,2.957803210664473,-0.013364231498032897
2025-08-26,3.0010068638713396,0.2948300021329895
2025-08-27,2.9621367070776765,0.03359556647631434
2025-08-28,2.9949278686845897,0.000804404869401143
2025-08-29,2.940368145445471,-0.3013108158302127
2025-08-30,2.871620894107006,-0.03840755005078966
2025-08-31,2.9469091081254932,-0.05653735022932871
2025-09-01,2.9865363621448897,0.38075946784158443
2025-09-02,3.0309976700345,0.10449654589464963
2025-09-03,2.993426197579928,0.30241066842440123
2025-09-04,3.027555565412213,-0.19434222135599688
2025-09-05,2.97437191072281,-0.201783188483029
2025-09-06,2.9070367826979564,-0.19898658159574634
2025-09-07,2.983771223448524,0.10727122990979199
2025-09-08,3.0248767171108257,0.15317711323712002
2025-09-09,3.0708460529041606,-0.18047429500799606
2025-09-10,3.0348100432255944,0.18406578164260612
2025-09-11,3.070499832352619,-0.7679147393585732
2025-09-12,3.0188989642861754,-0.18568562022995927
2025-09-13,2.9531662846513527,0.22488754569659308
2025-09-14,3.031520028414766,0.43421587438496045
2025-09-15,3.074258776076086,-0.07852650252209514
2025-09-16,3.1218723241006754,-0.23150056620451087
2025-09-17,3.087488410654225,-0.44843108103896645
2025-09-18,3.124835032189709,0.010659183739440525
2025-09-19,3.0748925193981385,0.1031613109498073
2025-09-20,3.0108164474187813,-0.17760310336256513
2025-09-21,3.0908217320457267,-0.2576083879895106
2025-09-22,3.135203594565513,0.08367223030268756
2025-09-23,3.184448440969714,-0.048954225040564125
2025-09-24,3.151680596579844,-0.016186380650694332
2025-09-25,3.190624631611101,-0.19489235805711003
2025-09-26,3.142257446162357,-0.30904410210614097
2025-09-27,3.0797311895038177,-0.24651784544760158
2025-09-28,3.1612573653748424,0.09683917264663977
2025-09-29,3.2071278059022323,-0.02907397555428659
2025-09-30,3.2578255598584436,0.4557465068458644
2025-10-01,3.226471636272731,-0.13542918291441497
2025-10-02,3.2667873388975632,-0.2710550653435724
2025-10-03,3.2197463599936733,-0.0008705351254727489
2025-10-04,3.1584977082814563,0.3678628163347053
2025-10-05,3.241249822747793,-0.10575560681864316
2025-10-06,3.288291554895588,0.043912955279615584
2025-10-07,3.340103065132935,-0.20460884920378541
2025-10-08,3.3098025742928776,0.09139480736927785
2025-10-09,3.351108705764633,0.1453988557018473
2025-10-10,3.30499258667883,0.09620479498332557
2025-10-11,3.24460078297433,-0.1535583296160139
2025-10-12,3.3281394200163095,0.039156409970164674
2025-10-13,3.3758951713343053,0.17945289015510824
2025-10-14,3.428346161159382,0.005641043325764095
2025-10-15,3.39860872173452,-0.17973289686631944
2025-10-16,3.4403997408632057,0.19718641886318
2025-10-17,3.394688768123795,-0.3036463147654791
2025-10-18,3.3346209545633583,-0.11574512969515771
2025-10-19,3.418401177527773,-0.05110534754129903
2025-10-20,3.4663150331850927,-0.33082081725594303
2025-10-21,3.5188397424106297,0.28782274735968993
2025-10-22,3.489090910998457,0.03726961361770442
2025-10-23,3.5307848796559664,-0.4862624419325434
2025-10-24,3.4848908322020153,-0.2267942941805332
2025-10-25,3.4245537367764625,-0.4801147576100222
2025-10-26,3.507978471713295,0.2762111622049659
2025-10-27,3.555450818630948,0.08213534109543774
2025-10-28,3.607448368406212,0.19921412136410765
2025-10-29,3.5770872809955705,0.03383063164865385
2025-10-30,3.618084634561027,0.09548743214328104
2025-10-31,3.571410532322725,-0.07490297085624498
2025-11-01,3.5102110419490877,0.07330789650702219
2025-11-02,3.592692319140932,0.4677506914054872
2025-11-03,3.6391415979686843,0.25267870014194216
2025-11-04,3.690038093635777,-0.07912018099155249
2025-11-05,3.658499758640041,0.3488334265924302
2025-11-06,3.6982456277993094,0.36219738274710966
2025-11-07,3.6502479205738156,0.03863153354012061
2025-11-08,3.587654975507634,0.5394794095374578
2025-11-09,3.668675368458174,0.4088620754475456
2025-11-10,3.713598897186524,0.0705907367317371
2025-11-11,3.762907477996477,0.24442570723599433
2025-11-12,3.7297218954097495,0.2956297953254001
2025-11-13,3.7677641403603355,0.10343687054755568
2025-11-14,3.718009505358211,0.19401350006993479
2025-11-15,3.653609511463119,0.4735248735819728
2025-11-16,3.732776018756814,0.29257567197833545
2025-11-17,3.775802202906664,-0.24944167829050246
2025-11-18,3.8231734435292943,0.06864685458133213
2025-11-19,3.788014065363294,0.04062733112580119
2025-11-20,3.8240496677560745,0.12719405082535307
2025-11-21,3.772259210937758,0.21672483562651657
2025-11-22,3.705797933946042,0.38854662827605857
2025-11-23,3.7828814559140214,0.20610259065025316
2025-11-24,3.8238067433378515,0.4246884987115078
2025-11-25,3.869062989057261,0.5129636456166202
2025-11-26,3.8317783439824717,-0.025115854212152122
2025-11-27,3.8656822370973383,0.21185520680838144
2025-11-28,3.811757452236434,0.08006284587419232
2025-11-29,3.74316303652493,0.04102659739333081
2025-11-30,3.8181183922181,0.13312532636332763
