obs_date,cases,fx_rub_per_thb,search_index
2023-07-01,2,2.4849799999999997,15775.0
2023-07-02,8,2.4849799999999997,15775.0
2023-07-03,6,2.4849799999999997,16975.0
2023-07-04,10,2.53919,16975.0
2023-07-05,7,2.55928,16975.0
2023-07-06,6,2.5897099999999997,16975.0
2023-07-07,5,2.6388000000000003,16975.0
2023-07-08,7,2.6032800000000003,16975.0
2023-07-09,12,2.6032800000000003,16975.0
2023-07-10,4,2.6032800000000003,18614.0
2023-07-11,7,2.6053,18614.0
2023-07-12,11,2.59422,18614.0
2023-07-13,13,2.60408,18614.0
2023-07-14,6,2.6076699999999997,18614.0
2023-07-15,7,2.6058700000000004,18614.0
2023-07-16,8,2.6058700000000004,18614.0
2023-07-17,15,2.6058700000000004,18081.0
2023-07-18,12,2.61065,18081.0
2023-07-19,10,2.64436,18081.0
2023-07-20,10,2.65935,18081.0
2023-07-21,14,2.67855,18081.0
2023-07-22,10,2.63645,18081.0
2023-07-23,10,2.63645,18081.0
2023-07-24,10,2.63645,23431.0
2023-07-25,12,2.62502,23431.0
2023-07-26,11,2.61313,23431.0
2023-07-27,17,2.61876,23431.0
2023-07-28,11,2.64256,23431.0
2023-07-29,13,2.67062,23431.0
2023-07-30,11,2.67062,23431.0
2023-07-31,14,2.67062,20252.0
2023-08-01,9,2.67637,20252.0
2023-08-02,15,2.68172,20252.0
2023-08-03,16,2.70563,20252.0
2023-08-04,14,2.71806,20252.0
2023-08-05,4,2.7363600000000003,20252.0
2023-08-06,12,2.7363600000000003,20252.0
2023-08-07,11,2.7363600000000003,20356.0
2023-08-08,12,2.78046,20356.0
2023-08-09,11,2.75169,20356.0
2023-08-10,19,2.78781,20356.0
2023-08-11,17,2.77474,20356.0
2023-08-12,13,2.7984,20356.0
2023-08-13,7,2.7984,20356.0
2023-08-14,19,2.7984,19565.0
2023-08-15,23,2.87914,19565.0
2023-08-16,10,2.7611499999999998,19565.0
2023-08-17,16,2.73232,19565.0
2023-08-18,17,2.64056,19565.0
2023-08-19,14,2.6407499999999997,19565.0
2023-08-20,15,2.6407499999999997,19565.0
2023-08-21,15,2.6407499999999997,26404.0
2023-08-22,18,2.66722,26404.0
2023-08-23,14,2.68352,26404.0
2023-08-24,8,2.70392,26404.0
2023-08-25,14,2.7060500000000003,26404.0
2023-08-26,10,2.70022,26404.0
2023-08-27,15,2.70022,26404.0
2023-08-28,9,2.70022,22097.0
2023-08-29,12,2.7142600000000003,22097.0
2023-08-30,16,2.72114,22097.0
2023-08-31,12,2.7373000000000003,22097.0
2023-09-01,11,2.75925,22097.0
2023-09-02,10,2.7526900000000003,22097.0
2023-09-03,16,2.7526900000000003,22097.0
2023-09-04,6,2.7526900000000003,21333.0
2023-09-05,17,2.75152,21333.0
2023-09-06,14,2.7599,21333.0
2023-09-07,18,2.75842,21333.0
2023-09-08,14,2.76229,21333.0
2023-09-09,11,2.75617,21333.0
2023-09-10,10,2.75617,21333.0
2023-09-11,15,2.75617,21437.0
2023-09-12,18,2.71959,21437.0
2023-09-13,14,2.6654,21437.0
2023-09-14,12,2.7013100000000003,21437.0
2023-09-15,10,2.69322,21437.0
2023-09-16,12,2.70291,21437.0
2023-09-17,17,2.70291,21437.0
2023-09-18,12,2.70291,21466.0
2023-09-19,12,2.70986,21466.0
2023-09-20,14,2.6878599999999997,21466.0
2023-09-21,13,2.67205,21466.0
2023-09-22,14,2.6555299999999997,21466.0
2023-09-23,12,2.6575800000000003,21466.0
2023-09-24,9,2.6575800000000003,21466.0
2023-09-25,7,2.6575800000000003,23377.0
2023-09-26,12,2.67257,23377.0
2023-09-27,12,2.65142,23377.0
2023-09-28,14,2.6459,23377.0
2023-09-29,17,2.64201,23377.0
2023-09-30,8,2.65326,23377.0
2023-10-01,8,2.65326,23377.0
2023-10-02,11,2.65326,26128.0
2023-10-03,10,2.67876,26128.0
2023-10-04,16,2.67862,26128.0
2023-10-05,16,2.67917,26128.0
2023-10-06,12,2.7028,26128.0
2023-10-07,9,2.71988,26128.0
2023-10-08,16,2.71988,26128.0
2023-10-09,17,2.71988,25637.0
2023-10-10,22,2.7357299999999998,25637.0
2023-10-11,25,2.71028,25637.0
2023-10-12,20,2.74308,25637.0
2023-10-13,21,2.68023,25637.0
2023-10-14,28,2.68887,25637.0
2023-10-15,16,2.68887,25637.0
2023-10-16,24,2.68887,29674.0
2023-10-17,17,2.68386,29674.0
2023-10-18,22,2.67534,29674.0
2023-10-19,28,2.68159,29674.0
2023-10-20,24,2.67394,29674.0
2023-10-21,19,2.63111,29674.0
2023-10-22,25,2.63111,29674.0
2023-10-23,26,2.63111,28003.0
2023-10-24,27,2.5982700000000003,28003.0
2023-10-25,34,2.58724,28003.0
2023-10-26,23,2.57957,28003.0
2023-10-27,35,2.5775300000000003,28003.0
2023-10-28,19,2.5744800000000003,28003.0
2023-10-29,19,2.5744800000000003,28003.0
2023-10-30,27,2.5744800000000003,28151.0
2023-10-31,23,2.5879000000000003,28151.0
2023-11-01,26,2.55761,28151.0
2023-11-02,36,2.57482,28151.0
2023-11-03,30,2.58885,28151.0
2023-11-04,28,2.59632,28151.0
2023-11-05,33,2.59632,28151.0
2023-11-06,35,2.59632,28914.0
2023-11-07,39,2.59632,28914.0
2023-11-08,30,2.60352,28914.0
2023-11-09,34,2.59754,28914.0
2023-11-10,47,2.59237,28914.0
2023-11-11,33,2.57228,28914.0
2023-11-12,36,2.57228,28914.0
2023-11-13,31,2.57228,30523.0
2023-11-14,36,2.5583400000000003,30523.0
2023-11-15,30,2.53127,30523.0
2023-11-16,32,2.51956,30523.0
2023-11-17,36,2.50073,30523.0
2023-11-18,42,2.53449,30523.0
2023-11-19,44,2.53449,30523.0
2023-11-20,45,2.53449,28417.0
2023-11-21,35,2.52408,28417.0
2023-11-22,29,2.50472,28417.0
2023-11-23,35,2.50493,28417.0
2023-11-24,43,2.5020499999999997,28417.0
2023-11-25,31,2.50875,28417.0
2023-11-26,27,2.50875,28417.0
2023-11-27,35,2.50875,28956.0
2023-11-28,30,2.51828,28956.0
2023-11-29,50,2.5377400000000003,28956.0
2023-11-30,35,2.56197,28956.0
2023-12-01,29,2.53493,28956.0
2023-12-02,33,2.54729,28956.0
2023-12-03,31,2.54729,28956.0
2023-12-04,33,2.54729,24336.0
2023-12-05,42,2.5995,24336.0
2023-12-06,54,2.6255800000000002,24336.0
2023-12-07,39,2.63995,24336.0
2023-12-08,34,2.6244,24336.0
2023-12-09,36,2.60166,24336.0
2023-12-10,36,2.60166,24336.0
2023-12-11,52,2.60166,24783.0
2023-12-12,49,2.58305,24783.0
2023-12-13,51,2.53395,24783.0
2023-12-14,48,2.5154900000000002,24783.0
2023-12-15,53,2.55142,24783.0
2023-12-16,39,2.57234,24783.0
2023-12-17,41,2.57234,24783.0
2023-12-18,52,2.57234,23245.0
2023-12-19,52,2.58681,23245.0
2023-12-20,46,2.57561,23245.0
2023-12-21,39,2.58919,23245.0
2023-12-22,38,2.62499,23245.0
2023-12-23,47,2.65086,23245.0
2023-12-24,52,2.65086,23245.0
2023-12-25,62,2.65086,19157.0
2023-12-26,50,2.6576,19157.0
2023-12-27,46,2.64923,19157.0
2023-12-28,40,2.65957,19157.0
2023-12-29,42,2.6386700000000003,19157.0
2023-12-30,47,2.62068,19157.0
2023-12-31,33,2.62068,19157.0
2024-01-01,43,2.62068,30778.0
2024-01-02,50,2.62068,30778.0
2024-01-03,45,2.62068,30778.0
2024-01-04,58,2.62068,30778.0
2024-01-05,42,2.62068,30778.0
2024-01-06,51,2.62068,30778.0
2024-01-07,49,2.62068,30778.0
2024-01-08,47,2.62068,41932.0
2024-01-09,41,2.62068,41932.0
2024-01-10,55,2.59078,41932.0
2024-01-11,51,2.55043,41932.0
2024-01-12,45,2.53504,41932.0
2024-01-13,54,2.51402,41932.0
2024-01-14,38,2.51402,41932.0
2024-01-15,52,2.51402,41549.0
2024-01-16,39,2.51388,41549.0
2024-01-17,45,2.49402,41549.0
2024-01-18,27,2.48705,41549.0
2024-01-19,35,2.49295,41549.0
2024-01-20,29,2.49161,41549.0
2024-01-21,32,2.49161,41549.0
2024-01-22,49,2.49161,36674.0
2024-01-23,57,2.4747,36674.0
2024-01-24,49,2.46753,36674.0
2024-01-25,51,2.46624,36674.0
2024-01-26,40,2.4796199999999997,36674.0
2024-01-27,41,2.50899,36674.0
2024-01-28,36,2.50899,36674.0
2024-01-29,48,2.50899,33246.0
2024-01-30,37,2.51911,33246.0
2024-01-31,65,2.5253799999999997,33246.0
2024-02-01,57,2.53077,33246.0
2024-02-02,57,2.54121,33246.0
2024-02-03,32,2.56536,33246.0
2024-02-04,43,2.56536,33246.0
2024-02-05,44,2.56536,29898.0
2024-02-06,47,2.55709,29898.0
2024-02-07,42,2.5393,29898.0
2024-02-08,42,2.5655,29898.0
2024-02-09,67,2.55597,29898.0
2024-02-10,70,2.5306699999999998,29898.0
2024-02-11,74,2.5306699999999998,29898.0
2024-02-12,41,2.5306699999999998,27386.0
2024-02-13,39,2.5368500000000003,27386.0
2024-02-14,43,2.54743,27386.0
2024-02-15,38,2.53377,27386.0
2024-02-16,48,2.54052,27386.0
2024-02-17,44,2.56293,27386.0
2024-02-18,40,2.56293,27386.0
2024-02-19,44,2.56293,23557.0
2024-02-20,47,2.571,23557.0
2024-02-21,50,2.55512,23557.0
2024-02-22,40,2.57194,23557.0
2024-02-23,36,2.58503,23557.0
2024-02-24,29,2.58503,23557.0
2024-02-25,38,2.58503,23557.0
2024-02-26,36,2.58503,22373.0
2024-02-27,34,2.57422,22373.0
2024-02-28,34,2.56427,22373.0
2024-02-29,35,2.55722,22373.0
2024-03-01,45,2.52791,22373.0
2024-03-02,42,2.54343,22373.0
2024-03-03,37,2.54343,22373.0
2024-03-04,34,2.54343,18380.0
2024-03-05,45,2.55117,18380.0
2024-03-06,41,2.54575,18380.0
2024-03-07,28,2.52499,18380.0
2024-03-08,26,2.54873,18380.0
2024-03-09,27,2.54873,18380.0
2024-03-10,40,2.54873,18380.0
2024-03-11,45,2.54873,18964.0
2024-03-12,30,2.55803,18964.0
2024-03-13,35,2.5600300000000002,18964.0
2024-03-14,40,2.5639399999999997,18964.0
2024-03-15,38,2.56889,18964.0
2024-03-16,32,2.5659099999999997,18964.0
2024-03-17,39,2.5659099999999997,18964.0
2024-03-18,47,2.5659099999999997,17096.0
2024-03-19,46,2.55937,17096.0
2024-03-20,44,2.5604500000000003,17096.0
2024-03-21,28,2.56941,17096.0
2024-03-22,36,2.55686,17096.0
2024-03-23,38,2.5437000000000003,17096.0
2024-03-24,39,2.5437000000000003,17096.0
2024-03-25,33,2.5437000000000003,14999.0
2024-03-26,30,2.55275,14999.0
2024-03-27,28,2.5461099999999997,14999.0
2024-03-28,35,2.5431999999999997,14999.0
2024-03-29,28,2.53216,14999.0
2024-03-30,23,2.5340499999999997,14999.0
2024-03-31,36,2.5340499999999997,14999.0
2024-04-01,42,2.5340499999999997,15614.0
2024-04-02,45,2.53869,15614.0
2024-04-03,36,2.52402,15614.0
2024-04-04,28,2.5195499999999997,15614.0
2024-04-05,28,2.51679,15614.0
2024-04-06,35,2.5132000000000003,15614.0
2024-04-07,45,2.5132000000000003,15614.0
2024-04-08,38,2.5132000000000003,14329.0
2024-04-09,37,2.5177,14329.0
2024-04-10,46,2.5369599999999997,14329.0
2024-04-11,36,2.56606,14329.0
2024-04-12,18,2.55841,14329.0
2024-04-13,30,2.55083,14329.0
2024-04-14,29,2.55083,14329.0
2024-04-15,42,2.55083,14479.0
2024-04-16,41,2.55485,14479.0
2024-04-17,42,2.56809,14479.0
2024-04-18,44,2.5642,14479.0
2024-04-19,33,2.5604,14479.0
2024-04-20,33,2.5344,14479.0
2024-04-21,45,2.5344,14479.0
2024-04-22,34,2.5344,14372.0
2024-04-23,33,2.52928,14372.0
2024-04-24,29,2.5197,14372.0
2024-04-25,38,2.50612,14372.0
2024-04-26,34,2.48212,14372.0
2024-04-27,25,2.48692,14372.0
2024-04-28,24,2.4805800000000002,14372.0
2024-04-29,25,2.4805800000000002,13535.0
2024-04-30,23,2.4805800000000002,13535.0
2024-05-01,25,2.4805800000000002,13535.0
2024-05-02,22,2.4805800000000002,13535.0
2024-05-03,25,2.49245,13535.0
2024-05-04,16,2.49081,13535.0
2024-05-05,17,2.49081,13535.0
2024-05-06,21,2.49081,13792.0
2024-05-07,30,2.4805099999999998,13792.0
2024-05-08,25,2.47759,13792.0
2024-05-09,26,2.48334,13792.0
2024-05-10,20,2.48334,13792.0
2024-05-11,19,2.48334,13792.0
2024-05-12,25,2.48334,13792.0
2024-05-13,18,2.48334,14303.0
2024-05-14,26,2.49023,14303.0
2024-05-15,21,2.48454,14303.0
2024-05-16,20,2.4967099999999998,14303.0
2024-05-17,15,2.5139299999999998,14303.0
2024-05-18,10,2.50875,14303.0
2024-05-19,22,2.50875,14303.0
2024-05-20,13,2.50875,15072.0
2024-05-21,23,2.51739,15072.0
2024-05-22,12,2.49285,15072.0
2024-05-23,21,2.4867999999999997,15072.0
2024-05-24,24,2.4704699999999997,15072.0
2024-05-25,18,2.44315,15072.0
2024-05-26,20,2.44315,15072.0
2024-05-27,12,2.44315,15796.0
2024-05-28,11,2.42256,15796.0
2024-05-29,11,2.41831,15796.0
2024-05-30,21,2.43378,15796.0
2024-05-31,15,2.4331199999999997,15796.0
2024-06-01,10,2.45412,15796.0
2024-06-02,25,2.45412,15796.0
2024-06-03,13,2.45412,16554.0
2024-06-04,16,2.43192,16554.0
2024-06-05,16,2.42666,16554.0
2024-06-06,18,2.42502,16554.0
2024-06-07,18,2.43252,16554.0
2024-06-08,28,2.4395499999999997,16554.0
2024-06-09,11,2.4395499999999997,16554.0
2024-06-10,20,2.4395499999999997,16666.0
2024-06-11,23,2.41236,16666.0
2024-06-12,21,2.42169,16666.0
2024-06-13,13,2.42169,16666.0
2024-06-14,22,2.40821,16666.0
2024-06-15,21,2.4233000000000002,16666.0
2024-06-16,20,2.4233000000000002,16666.0
2024-06-17,20,2.4233000000000002,17587.0
2024-06-18,18,2.4222,17587.0
2024-06-19,19,2.36516,17587.0
2024-06-20,25,2.25145,17587.0
2024-06-21,22,2.32682,17587.0
2024-06-22,20,2.39626,17587.0
2024-06-23,28,2.39626,17587.0
2024-06-24,23,2.39626,17310.0
2024-06-25,25,2.3790500000000003,17310.0
2024-06-26,21,2.38403,17310.0
2024-06-27,22,2.38702,17310.0
2024-06-28,14,2.30093,17310.0
2024-06-29,21,2.32707,17310.0
2024-06-30,23,2.32707,17310.0
2024-07-01,27,2.32707,18544.0
2024-07-02,27,2.3764,18544.0
2024-07-03,21,2.3895299999999997,18544.0
2024-07-04,20,2.38795,18544.0
2024-07-05,23,2.40681,18544.0
2024-07-06,17,2.40878,18544.0
2024-07-07,22,2.40878,18544.0
2024-07-08,15,2.40878,19473.0
2024-07-09,22,2.42016,19473.0
2024-07-10,29,2.41588,19473.0
2024-07-11,25,2.414,19473.0
2024-07-12,15,2.42759,19473.0
2024-07-13,20,2.42584,19473.0
2024-07-14,22,2.42584,19473.0
2024-07-15,37,2.42584,23103.0
2024-07-16,26,2.42389,23103.0
2024-07-17,29,2.43793,23103.0
2024-07-18,32,2.4506799999999997,23103.0
2024-07-19,32,2.44356,23103.0
2024-07-20,27,2.42963,23103.0
2024-07-21,30,2.42963,23103.0
2024-07-22,25,2.42963,21219.0
2024-07-23,24,2.423,21219.0
2024-07-24,25,2.4080500000000002,21219.0
2024-07-25,31,2.3968499999999997,21219.0
2024-07-26,22,2.3618099999999997,21219.0
2024-07-27,29,2.3679300000000003,21219.0
2024-07-28,28,2.3679300000000003,21219.0
2024-07-29,26,2.3679300000000003,21428.0
2024-07-30,31,2.39533,21428.0
2024-07-31,22,2.39926,21428.0
2024-08-01,29,2.41047,21428.0
2024-08-02,16,2.41766,21428.0
2024-08-03,28,2.41606,21428.0
2024-08-04,13,2.41606,21428.0
2024-08-05,11,2.41606,19991.0
2024-08-06,20,2.4125199999999998,19991.0
2024-08-07,27,2.40381,19991.0
2024-08-08,27,2.4261,19991.0
2024-08-09,23,2.4415299999999998,19991.0
2024-08-10,18,2.49672,19991.0
2024-08-11,21,2.49672,19991.0
2024-08-12,20,2.49672,18968.0
2024-08-13,28,2.5522099999999996,18968.0
2024-08-14,22,2.63543,18968.0
2024-08-15,19,2.57468,18968.0
2024-08-16,33,2.53074,18968.0
2024-08-17,24,2.5336600000000002,18968.0
2024-08-18,20,2.5336600000000002,18968.0
2024-08-19,31,2.5336600000000002,18784.0
2024-08-20,16,2.59906,18784.0
2024-08-21,33,2.64531,18784.0
2024-08-22,28,2.68033,18784.0
2024-08-23,25,2.65828,18784.0
2024-08-24,26,2.66717,18784.0
2024-08-25,34,2.66717,18784.0
2024-08-26,24,2.66717,19609.0
2024-08-27,37,2.7006,19609.0
2024-08-28,28,2.68571,19609.0
2024-08-29,34,2.69011,19609.0
2024-08-30,40,2.68977,19609.0
2024-08-31,29,2.68386,19609.0
2024-09-01,32,2.68386,19609.0
2024-09-02,32,2.68386,19058.0
2024-09-03,35,2.63362,19058.0
2024-09-04,25,2.5866800000000003,19058.0
2024-09-05,38,2.59775,19058.0
2024-09-06,42,2.6525600000000003,19058.0
2024-09-07,31,2.67783,19058.0
2024-09-08,41,2.67783,19058.0
2024-09-09,34,2.67783,20180.0
2024-09-10,24,2.6717500000000003,20180.0
2024-09-11,31,2.6915,20180.0
2024-09-12,44,2.7153400000000003,20180.0
2024-09-13,19,2.7001,20180.0
2024-09-14,35,2.72921,20180.0
2024-09-15,32,2.72921,20180.0
2024-09-16,32,2.72921,19774.0
2024-09-17,34,2.74525,19774.0
2024-09-18,24,2.74768,19774.0
2024-09-19,27,2.75,19774.0
2024-09-20,68,2.78158,19774.0
2024-09-21,27,2.79907,19774.0
2024-09-22,41,2.79907,19774.0
2024-09-23,44,2.79907,20327.0
2024-09-24,48,2.8225100000000003,20327.0
2024-09-25,40,2.8193,20327.0
2024-09-26,29,2.8294699999999997,20327.0
2024-09-27,41,2.8273800000000002,20327.0
2024-09-28,37,2.85841,20327.0
2024-09-29,32,2.85841,20327.0
2024-09-30,25,2.85841,21670.0
2024-10-01,35,2.8898,21670.0
2024-10-02,26,2.8758299999999997,21670.0
2024-10-03,31,2.89769,21670.0
2024-10-04,30,2.87566,21670.0
2024-10-05,32,2.86885,21670.0
2024-10-06,29,2.86885,21670.0
2024-10-07,29,2.86885,22493.0
2024-10-08,28,2.87207,22493.0
2024-10-09,33,2.8659,22493.0
2024-10-10,24,2.89987,22493.0
2024-10-11,40,2.90163,22493.0
2024-10-12,32,2.8838999999999997,22493.0
2024-10-13,34,2.8838999999999997,22493.0
2024-10-14,31,2.8838999999999997,21159.0
2024-10-15,38,2.88491,21159.0
2024-10-16,46,2.90882,21159.0
2024-10-17,36,2.92027,21159.0
2024-10-18,38,2.9234400000000003,21159.0
2024-10-19,44,2.91062,21159.0
2024-10-20,48,2.91062,21159.0
2024-10-21,61,2.91062,23745.0
2024-10-22,61,2.88809,23745.0
2024-10-23,62,2.88213,23745.0
2024-10-24,66,2.8835100000000002,23745.0
2024-10-25,60,2.86612,23745.0
2024-10-26,50,2.86196,23745.0
2024-10-27,46,2.86196,23745.0
2024-10-28,83,2.86196,24003.0
2024-10-29,79,2.87714,24003.0
2024-10-30,58,2.88211,24003.0
2024-10-31,66,2.8763300000000003,24003.0
2024-11-01,67,2.87449,24003.0
2024-11-02,62,2.87689,24003.0
2024-11-03,47,2.8801300000000003,24003.0
2024-11-04,54,2.8801300000000003,25193.0
2024-11-05,58,2.8801300000000003,25193.0
2024-11-06,51,2.91106,25193.0
2024-11-07,44,2.88732,25193.0
2024-11-08,53,2.85402,25193.0
2024-11-09,35,2.87348,25193.0
2024-11-10,36,2.87348,25193.0
2024-11-11,38,2.87348,26736.0
2024-11-12,41,2.85608,26736.0
2024-11-13,48,2.82034,26736.0
2024-11-14,46,2.83034,26736.0
2024-11-15,38,2.82852,26736.0
2024-11-16,44,2.86631,26736.0
2024-11-17,38,2.86631,26736.0
2024-11-18,64,2.86631,24166.0
2024-11-19,46,2.87449,24166.0
2024-11-20,33,2.89026,24166.0
2024-11-21,39,2.90062,24166.0
2024-11-22,41,2.90571,24166.0
2024-11-23,42,2.95259,24166.0
2024-11-24,33,2.95259,24166.0
2024-11-25,41,2.95259,23878.0
2024-11-26,31,3.0075600000000002,23878.0
2024-11-27,46,3.02506,23878.0
2024-11-28,42,3.1141300000000003,23878.0
2024-11-29,55,3.18107,23878.0
2024-11-30,33,3.1433299999999997,23878.0
2024-12-01,39,3.1433299999999997,23878.0
2024-12-02,44,3.1433299999999997,21746.0
2024-12-03,34,3.1079,21746.0
2024-12-04,33,3.08461,21746.0
2024-12-05,40,3.03683,21746.0
2024-12-06,48,3.01199,21746.0
2024-12-07,34,2.92184,21746.0
2024-12-08,42,2.92184,21746.0
2024-12-09,43,2.92184,20887.0
2024-12-10,42,2.9295400000000003,20887.0
2024-12-11,41,2.94889,20887.0
2024-12-12,41,3.05824,20887.0
2024-12-13,34,3.0712599999999997,20887.0
2024-12-14,39,3.03975,20887.0
2024-12-15,41,3.03975,20887.0
2024-12-16,45,3.03975,22257.0
2024-12-17,51,3.0161000000000002,22257.0
2024-12-18,43,3.0162199999999997,22257.0
2024-12-19,60,3.00164,22257.0
2024-12-20,31,2.9885200000000003,22257.0
2024-12-21,53,2.96014,22257.0
2024-12-22,53,2.96014,22257.0
2024-12-23,44,2.96014,19810.0
2024-12-24,36,2.96597,19810.0
2024-12-25,29,2.92137,19810.0
2024-12-26,64,2.9135,19810.0
2024-12-27,59,2.89907,19810.0
2024-12-28,53,2.94614,19810.0
2024-12-29,62,2.97989,19810.0
2024-12-30,49,2.97989,20939.0
2024-12-31,31,2.97989,20939.0
2025-01-01,43,2.97989,20939.0
2025-01-02,70,2.97989,20939.0
2025-01-03,58,2.97989,20939.0
2025-01-04,67,2.97989,20939.0
2025-01-05,70,2.97989,20939.0
2025-01-06,57,2.97989,31937.0
2025-01-07,53,2.97989,31937.0
2025-01-08,49,2.97989,31937.0
2025-01-09,53,2.97989,31937.0
2025-01-10,41,2.9500800000000003,31937.0
2025-01-11,45,2.94551,31937.0
2025-01-12,52,2.94551,31937.0
2025-01-13,54,2.94551,32781.0
2025-01-14,59,2.95359,32781.0
2025-01-15,42,2.98152,32781.0
2025-01-16,59,2.9581600000000003,32781.0
2025-01-17,52,2.96082,32781.0
2025-01-18,51,2.97187,32781.0
2025-01-19,30,2.97187,32781.0
2025-01-20,41,2.97187,31861.0
2025-01-21,46,2.96682,31861.0
2025-01-22,35,2.93544,31861.0
2025-01-23,40,2.8987,31861.0
2025-01-24,49,2.91936,31861.0
2025-01-25,36,2.90867,31861.0
2025-01-26,46,2.90867,31861.0
2025-01-27,40,2.90867,29327.0
2025-01-28,32,2.88003,29327.0
2025-01-29,34,2.89113,29327.0
2025-01-30,47,2.90494,29327.0
2025-01-31,57,2.90268,29327.0
2025-02-01,36,2.90653,29327.0
2025-02-02,43,2.90653,29327.0
2025-02-03,54,2.90653,27926.0
2025-02-04,58,2.93364,27926.0
2025-02-05,46,2.9066,27926.0
2025-02-06,45,2.91113,27926.0
2025-02-07,39,2.87875,27926.0
2025-02-08,50,2.8873100000000003,27926.0
2025-02-09,38,2.8873100000000003,27926.0
2025-02-10,44,2.8873100000000003,27084.0
2025-02-11,45,2.8569500000000003,27084.0
2025-02-12,31,2.81094,27084.0
2025-02-13,42,2.75948,27084.0
2025-02-14,34,2.68569,27084.0
2025-02-15,44,2.68205,27084.0
2025-02-16,54,2.68205,27084.0
2025-02-17,62,2.68205,26171.0
2025-02-18,60,2.7128699999999997,26171.0
2025-02-19,66,2.7065200000000003,26171.0
2025-02-20,50,2.68385,26171.0
2025-02-21,34,2.63048,26171.0
2025-02-22,49,2.6234100000000002,26171.0
2025-02-23,54,2.6234100000000002,26171.0
2025-02-24,44,2.6234100000000002,24088.0
2025-02-25,49,2.63578,24088.0
2025-02-26,46,2.57733,24088.0
2025-02-27,43,2.5417899999999998,24088.0
2025-02-28,36,2.58952,24088.0
2025-03-01,46,2.58719,24088.0
2025-03-02,40,2.58719,24088.0
2025-03-03,59,2.58719,20091.0
2025-03-04,34,2.60522,20091.0
2025-03-05,46,2.62732,20091.0
2025-03-06,50,2.66401,20091.0
2025-03-07,36,2.66347,20091.0
2025-03-08,43,2.64107,20091.0
2025-03-09,48,2.64107,20091.0
2025-03-10,49,2.64107,21128.0
2025-03-11,52,2.61648,21128.0
2025-03-12,41,2.55405,21128.0
2025-03-13,48,2.56334,21128.0
2025-03-14,24,2.56398,21128.0
2025-03-15,27,2.54134,21128.0
2025-03-16,43,2.54134,21128.0
2025-03-17,39,2.54134,21783.0
2025-03-18,38,2.5053799999999997,21783.0
2025-03-19,41,2.4255,21783.0
2025-03-20,38,2.4628,21783.0
2025-03-21,32,2.5087800000000002,21783.0
2025-03-22,38,2.50155,21783.0
2025-03-23,40,2.50155,21783.0
2025-03-24,43,2.50155,19132.0
2025-03-25,47,2.4716,19132.0
2025-03-26,36,2.4756799999999997,19132.0
2025-03-27,24,2.4803100000000002,19132.0
2025-03-28,46,2.47089,19132.0
2025-03-29,38,2.4668,19132.0
2025-03-30,39,2.4668,19132.0
2025-03-31,38,2.4668,15783.0
2025-04-01,35,2.52105,15783.0
2025-04-02,31,2.49136,15783.0
2025-04-03,32,2.47431,15783.0
2025-04-04,37,2.45728,15783.0
2025-04-05,45,2.46931,15783.0
2025-04-06,27,2.46931,15783.0
2025-04-07,37,2.46931,14990.0
2025-04-08,26,2.52532,14990.0
2025-04-09,28,2.46614,14990.0
2025-04-10,33,2.4738499999999997,14990.0
2025-04-11,32,2.48723,14990.0
2025-04-12,26,2.49277,14990.0
2025-04-13,24,2.49277,14990.0
2025-04-14,35,2.49277,13980.0
2025-04-15,37,2.45607,13980.0
2025-04-16,26,2.44222,13980.0
2025-04-17,45,2.47778,13980.0
2025-04-18,28,2.46922,13980.0
2025-04-19,25,2.43013,13980.0
2025-04-20,24,2.43013,13980.0
2025-04-21,32,2.43013,14228.0
2025-04-22,29,2.43575,14228.0
2025-04-23,27,2.45552,14228.0
2025-04-24,39,2.4595700000000003,14228.0
2025-04-25,29,2.47088,14228.0
2025-04-26,13,2.47004,14228.0
2025-04-27,37,2.47004,14228.0
2025-04-28,24,2.47004,12925.0
2025-04-29,27,2.45273,12925.0
2025-04-30,24,2.44717,12925.0
2025-05-01,33,2.43999,12925.0
2025-05-02,26,2.43999,12925.0
2025-05-03,17,2.43999,12925.0
2025-05-04,25,2.43999,12925.0
2025-05-05,23,2.43999,11958.0
2025-05-06,17,2.46231,11958.0
2025-05-07,24,2.46565,11958.0
2025-05-08,21,2.47025,11958.0
2025-05-09,17,2.47025,11958.0
2025-05-10,16,2.47025,11958.0
2025-05-11,17,2.47025,11958.0
2025-05-12,20,2.47025,13266.0
2025-05-13,20,2.44346,13266.0
2025-05-14,15,2.41812,13266.0
2025-05-15,25,2.4083200000000002,13266.0
2025-05-16,17,2.40488,13266.0
2025-05-17,25,2.4361,13266.0
2025-05-18,26,2.4361,13266.0
2025-05-19,17,2.4361,13053.0
2025-05-20,21,2.42312,13053.0
2025-05-21,19,2.4199200000000003,13053.0
2025-05-22,22,2.43521,13053.0
2025-05-23,22,2.43959,13053.0
2025-05-24,10,2.43496,13053.0
2025-05-25,10,2.43496,13053.0
2025-05-26,14,2.43496,14111.0
2025-05-27,17,2.45149,14111.0
2025-05-28,14,2.43568,14111.0
2025-05-29,13,2.43422,14111.0
2025-05-30,14,2.39218,14111.0
2025-05-31,25,2.40743,14111.0
2025-06-01,15,2.40743,14111.0
2025-06-02,15,2.40743,14349.0
2025-06-03,25,2.4230899999999997,14349.0
2025-06-04,26,2.41471,14349.0
2025-06-05,21,2.404,14349.0
2025-06-06,14,2.42938,14349.0
2025-06-07,17,2.42645,14349.0
2025-06-08,16,2.42645,14349.0
2025-06-09,19,2.42645,14316.0
2025-06-10,24,2.42596,14316.0
2025-06-11,30,2.40316,14316.0
2025-06-12,29,2.42124,14316.0
2025-06-13,31,2.42124,14316.0
2025-06-14,9,2.42124,14316.0
2025-06-15,19,2.42124,14316.0
2025-06-16,27,2.42124,16633.0
2025-06-17,25,2.41775,16633.0
2025-06-18,16,2.42091,16633.0
2025-06-19,19,2.41568,16633.0
2025-06-20,15,2.3904,16633.0
2025-06-21,13,2.3924700000000003,16633.0
2025-06-22,12,2.3924700000000003,16633.0
2025-06-23,20,2.3924700000000003,18108.0
2025-06-24,19,2.373,18108.0
2025-06-25,19,2.39378,18108.0
2025-06-26,16,2.39784,18108.0
2025-06-27,30,2.4129,18108.0
2025-06-28,15,2.4113700000000002,18108.0
2025-06-29,13,2.4113700000000002,18108.0
2025-06-30,18,2.4113700000000002,19337.0
2025-07-01,16,2.41403,19337.0
2025-07-02,14,2.4144200000000002,19337.0
2025-07-03,15,2.42288,19337.0
2025-07-04,8,2.43571,19337.0
2025-07-05,10,2.43327,19337.0
2025-07-06,18,2.43327,19337.0
2025-07-07,24,2.43327,19966.0
2025-07-08,24,2.41779,19966.0
2025-07-09,16,2.4052499999999997,19966.0
2025-07-10,17,2.39426,19966.0
2025-07-11,16,2.386,19966.0
2025-07-12,18,2.3927199999999997,19966.0
2025-07-13,17,2.3927199999999997,19966.0
2025-07-14,20,2.3927199999999997,21043.0
2025-07-15,18,2.41763,21043.0
2025-07-16,18,2.40094,21043.0
2025-07-17,32,2.39791,21043.0
2025-07-18,17,2.4060099999999998,21043.0
2025-07-19,20,2.4158,21043.0
2025-07-20,17,2.4158,21043.0
2025-07-21,22,2.4158,19452.0
2025-07-22,19,2.4175899999999997,19452.0
2025-07-23,12,2.41886,19452.0
2025-07-24,15,2.43831,19452.0
2025-07-25,19,2.44868,19452.0
2025-07-26,14,2.46148,19452.0
2025-07-27,8,2.46148,19452.0
2025-07-28,15,2.46148,18430.0
2025-07-29,18,2.4622699999999997,18430.0
2025-07-30,15,2.53233,18430.0
2025-07-31,19,2.52374,18430.0
2025-08-01,19,2.45676,18430.0
2025-08-02,23,2.4499500000000003,18430.0
2025-08-03,15,2.4499500000000003,18430.0
2025-08-04,13,2.4499500000000003,18881.0
2025-08-05,22,2.45338,18881.0
2025-08-06,28,2.4726299999999997,18881.0
2025-08-07,21,2.47711,18881.0
2025-08-08,16,2.45765,18881.0
2025-08-09,19,2.46766,18881.0
2025-08-10,9,2.46766,18881.0
2025-08-11,13,2.46766,19693.0
2025-08-12,20,2.4642,19693.0
2025-08-13,21,2.4705,19693.0
2025-08-14,17,2.46114,19693.0
2025-08-15,17,2.46875,19693.0
2025-08-16,19,2.46762,19693.0
2025-08-17,32,2.46762,19693.0
2025-08-18,18,2.46762,20379.0
2025-08-19,24,2.47944,20379.0
2025-08-20,22,2.47152,20379.0
2025-08-21,16,2.4580200000000003,20379.0
2025-08-22,17,2.46331,20379.0
2025-08-23,21,2.47282,20379.0
2025-08-24,17,2.47282,20379.0
2025-08-25,18,2.47282,21209.0
2025-08-26,26,2.48726,21209.0
2025-08-27,19,2.48126,21209.0
2025-08-28,19,2.47499,21209.0
2025-08-29,13,2.47845,21209.0
2025-08-30,16,2.48466,21209.0
2025-08-31,17,2.48466,21209.0
2025-09-01,28,2.48466,20603.0
2025-09-02,22,2.48859,20603.0
2025-09-03,26,2.49457,20603.0
2025-09-04,16,2.4941,20603.0
2025-09-05,15,2.5156300000000003,20603.0
2025-09-06,14,2.53105,20603.0
2025-09-07,21,2.53105,20603.0
2025-09-08,23,2.53105,21277.0
2025-09-09,17,2.5756900000000003,21277.0
2025-09-10,24,2.6291,21277.0
2025-09-11,9,2.6719,21277.0
2025-09-12,16,2.69327,21277.0
2025-09-13,23,2.6625,21277.0
2025-09-14,31,2.6625,21277.0
2025-09-15,19,2.6625,22587.0
2025-09-16,17,2.60666,22587.0
2025-09-17,13,2.60966,22587.0
2025-09-18,22,2.6143799999999997,22587.0
2025-09-19,23,2.61228,22587.0
2025-09-20,16,2.62327,22587.0
2025-09-21,16,2.62327,22587.0
2025-09-22,24,2.62327,22001.0
2025-09-23,22,2.63944,22001.0
2025-09-24,22,2.61763,22001.0
2025-09-25,19,2.62917,22001.0
2025-09-26,16,2.6002,22001.0
2025-09-27,16,2.5943,22001.0
2025-09-28,25,2.5943,22001.0
2025-09-29,23,2.5943,21882.0
2025-09-30,40,2.57026,21882.0
2025-10-01,21,2.55532,21882.0
2025-10-02,19,2.51192,21882.0
2025-10-03,24,2.49803,21882.0
2025-10-04,33,2.52488,21882.0
2025-10-05,22,2.52488,21882.0
2025-10-06,27,2.52488,23499.0
2025-10-07,22,2.5634699999999997,23499.0
2025-10-08,29,2.5203800000000003,23499.0
2025-10-09,32,2.51125,23499.0
2025-10-10,29,2.49748,23499.0
2025-10-11,21,2.4791499999999997,23499.0
2025-10-12,28,2.4791499999999997,23499.0
2025-10-13,34,2.4791499999999997,23897.0
2025-10-14,30,2.46892,23897.0
2025-10-15,24,2.44852,23897.0
2025-10-16,37,2.42373,23897.0
2025-10-17,21,2.4323799999999998,23897.0
2025-10-18,24,2.48492,23897.0
2025-10-19,28,2.48492,23897.0
2025-10-20,22,2.48492,22900.0
2025-10-21,44,2.4837599999999997,22900.0
2025-10-22,33,2.4960899999999997,22900.0
2025-10-23,20,2.48963,22900.0
2025-10-24,25,2.47786,22900.0
2025-10-25,18,2.46977,22900.0
2025-10-26,43,2.46977,22900.0
2025-10-27,37,2.46977,22394.0
2025-10-28,44,2.41706,22394.0
2025-10-29,36,2.44929,22394.0
2025-10-30,40,2.45859,22394.0
2025-10-31,32,2.48215,22394.0
2025-11-01,35,2.5050499999999998,22394.0
2025-11-02,57,2.50228,22394.0
2025-11-03,48,2.50228,23136.0
2025-11-04,36,2.50228,23136.0
2025-11-05,54,2.50228,23136.0
2025-11-06,57,2.4935,23136.0
2025-11-07,39,2.5095300000000003,23136.0
2025-11-08,61,2.50929,23136.0
2025-11-09,58,2.50929,23136.0
2025-11-10,43,2.50929,21543.0
2025-11-11,54,2.50381,21543.0
2025-11-12,55,2.51161,21543.0
2025-11-13,47,2.50239,21543.0
2025-11-14,49,2.49245,21543.0
2025-11-15,61,2.5085100000000002,21543.0
2025-11-16,55,2.5085100000000002,21543.0
2025-11-17,33,2.5085100000000002,22233.0
2025-11-18,48,2.50162,22233.0
2025-11-19,45,2.49691,22233.0
2025-11-20,51,2.4974499999999997,22233.0
2025-11-21,53,2.48628,22233.0
2025-11-22,59,2.43302,22233.0
2025-11-23,53,2.43302,22233.0
2025-11-24,69,2.43302,20551.0
2025-11-25,79,2.42839,20551.0
2025-11-26,44,2.4407,20551.0
2025-11-27,58,2.4372499999999997,20551.0
2025-11-28,48,2.42878,20551.0
2025-11-29,43,2.43028,20551.0
2025-11-30,51,2.43028,20551.0
