obs_date,fx_rub_per_thb,search_index
2023-03-04,2.17207,22831.0
2023-03-05,2.17207,22831.0
2023-03-06,2.17207,22448.0
2023-03-07,2.17246,22448.0
2023-03-08,2.1866700000000003,22448.0
2023-03-09,2.1866700000000003,22448.0
2023-03-10,2.16542,22448.0
2023-03-11,2.16778,22448.0
2023-03-12,2.16778,22448.0
2023-03-13,2.16778,23363.0
2023-03-14,2.1829799999999997,23363.0
2023-03-15,2.1783200000000003,23363.0
2023-03-16,2.19523,23363.0
2023-03-17,2.21504,23363.0
2023-03-18,2.2384399999999998,23363.0
2023-03-19,2.2384399999999998,23363.0
2023-03-20,2.2384399999999998,21425.0
2023-03-21,2.2679300000000002,21425.0
2023-03-22,2.2511,21425.0
2023-03-23,2.2345800000000002,21425.0
2023-03-24,2.2372199999999998,21425.0
2023-03-25,2.24337,21425.0
2023-03-26,2.24337,21425.0
2023-03-27,2.24337,19203.0
2023-03-28,2.23372,19203.0
2023-03-29,2.2341100000000003,19203.0
2023-03-30,2.24724,19203.0
2023-03-31,2.2516,19203.0
2023-04-01,2.26922,19203.0
2023-04-02,2.26922,19203.0
2023-04-03,2.26922,17358.0
2023-04-04,2.26931,17358.0
2023-04-05,2.31827,17358.0
2023-04-06,2.34346,17358.0
2023-04-07,2.37811,17358.0
2023-04-08,2.41807,17358.0
2023-04-09,2.41807,17358.0
2023-04-10,2.41807,15314.0
2023-04-11,2.38482,15314.0
2023-04-12,2.3965199999999998,15314.0
2023-04-13,2.39889,15314.0
2023-04-14,2.38669,15314.0
2023-04-15,2.3816800000000002,15314.0
2023-04-16,2.3816800000000002,15314.0
2023-04-17,2.3816800000000002,14889.0
2023-04-18,2.37926,14889.0
2023-04-19,2.37213,14889.0
2023-04-20,2.37795,14889.0
2023-04-21,2.37392,14889.0
2023-04-22,2.3737,14889.0
2023-04-23,2.3737,14889.0
2023-04-24,2.3737,12915.0
2023-04-25,2.35975,12915.0
2023-04-26,2.3765799999999997,12915.0
2023-04-27,2.38217,12915.0
2023-04-28,2.39243,12915.0
2023-04-29,2.36008,12915.0
2023-04-30,2.36008,12915.0
2023-05-01,2.36008,12595.0
2023-05-02,2.36008,12595.0
2023-05-03,2.341,12595.0
2023-05-04,2.33129,12595.0
2023-05-05,2.3109100000000002,12595.0
2023-05-06,2.2582,12595.0
2023-05-07,2.2582,12595.0
2023-05-08,2.2582,12767.0
2023-05-09,2.2582,12767.0
2023-05-10,2.2582,12767.0
2023-05-11,2.27936,12767.0
2023-05-12,2.25401,12767.0
2023-05-13,2.27901,12767.0
2023-05-14,2.27901,12767.0
2023-05-15,2.27901,14405.0
2023-05-16,2.34247,14405.0
2023-05-17,2.36369,14405.0
2023-05-18,2.36506,14405.0
2023-05-19,2.34099,14405.0
2023-05-20,2.32027,14405.0
2023-05-21,2.32027,14405.0
2023-05-22,2.32027,14845.0
2023-05-23,2.3252099999999998,14845.0
2023-05-24,2.31782,14845.0
2023-05-25,2.31581,14845.0
2023-05-26,2.3065,14845.0
2023-05-27,2.30886,14845.0
2023-05-28,2.30886,14845.0
2023-05-29,2.30886,16838.0
2023-05-30,2.3031099999999998,16838.0
2023-05-31,2.32347,16838.0
2023-06-01,2.3336200000000002,16838.0
2023-06-02,2.33242,16838.0
2023-06-03,2.33903,16838.0
2023-06-04,2.33903,16838.0
2023-06-05,2.33903,15635.0
2023-06-06,2.35216,15635.0
2023-06-07,2.33873,15635.0
2023-06-08,2.34535,15635.0
2023-06-09,2.35602,15635.0
2023-06-10,2.38852,15635.0
2023-06-11,2.38852,15635.0
2023-06-12,2.38852,14423.0
2023-06-13,2.38852,14423.0
2023-06-14,2.4212499999999997,14423.0
2023-06-15,2.43637,14423.0
2023-06-16,2.41297,14423.0
2023-06-17,2.41597,14423.0
2023-06-18,2.41597,14423.0
2023-06-19,2.41597,14374.0
2023-06-20,2.41936,14374.0
2023-06-21,2.4250800000000003,14374.0
2023-06-22,2.4194500000000003,14374.0
2023-06-23,2.39679,14374.0
2023-06-24,2.38944,14374.0
2023-06-25,2.38944,14374.0
2023-06-26,2.38944,15775.0
2023-06-27,2.40563,15775.0
2023-06-28,2.4174700000000002,15775.0
2023-06-29,2.4187000000000003,15775.0
2023-06-30,2.44426,15775.0
2023-07-01,2.4849799999999997,15775.0
2023-07-02,2.4849799999999997,15775.0
2023-07-03,2.4849799999999997,16975.0
2023-07-04,2.53919,16975.0
2023-07-05,2.55928,16975.0
2023-07-06,2.5897099999999997,16975.0
2023-07-07,2.6388000000000003,16975.0
2023-07-08,2.6032800000000003,16975.0
2023-07-09,2.6032800000000003,16975.0
2023-07-10,2.6032800000000003,18614.0
2023-07-11,2.6053,18614.0
2023-07-12,2.59422,18614.0
2023-07-13,2.60408,18614.0
2023-07-14,2.6076699999999997,18614.0
2023-07-15,2.6058700000000004,18614.0
2023-07-16,2.6058700000000004,18614.0
2023-07-17,2.6058700000000004,18081.0
2023-07-18,2.61065,18081.0
2023-07-19,2.64436,18081.0
2023-07-20,2.65935,18081.0
2023-07-21,2.67855,18081.0
2023-07-22,2.63645,18081.0
2023-07-23,2.63645,18081.0
2023-07-24,2.63645,23431.0
2023-07-25,2.62502,23431.0
2023-07-26,2.61313,23431.0
2023-07-27,2.61876,23431.0
2023-07-28,2.64256,23431.0
2023-07-29,2.67062,23431.0
2023-07-30,2.67062,23431.0
2023-07-31,2.67062,20252.0
2023-08-01,2.67637,20252.0
2023-08-02,2.68172,20252.0
2023-08-03,2.70563,20252.0
2023-08-04,2.71806,20252.0
2023-08-05,2.7363600000000003,20252.0
2023-08-06,2.7363600000000003,20252.0
2023-08-07,2.7363600000000003,20356.0
2023-08-08,2.78046,20356.0
2023-08-09,2.75169,20356.0
2023-08-10,2.78781,20356.0
2023-08-11,2.77474,20356.0
2023-08-12,2.7984,20356.0
2023-08-13,2.7984,20356.0
2023-08-14,2.7984,19565.0
2023-08-15,2.87914,19565.0
2023-08-16,2.7611499999999998,19565.0
2023-08-17,2.73232,19565.0
2023-08-18,2.64056,19565.0
2023-08-19,2.6407499999999997,19565.0
2023-08-20,2.6407499999999997,19565.0
2023-08-21,2.6407499999999997,26404.0
2023-08-22,2.66722,26404.0
2023-08-23,2.68352,26404.0
2023-08-24,2.70392,26404.0
2023-08-25,2.7060500000000003,26404.0
2023-08-26,2.70022,26404.0
2023-08-27,2.70022,26404.0
2023-08-28,2.70022,22097.0
2023-08-29,2.7142600000000003,22097.0
2023-08-30,2.72114,22097.0
2023-08-31,2.7373000000000003,22097.0
2023-09-01,2.75925,22097.0
2023-09-02,2.7526900000000003,22097.0
2023-09-03,2.7526900000000003,22097.0
2023-09-04,2.7526900000000003,21333.0
2023-09-05,2.75152,21333.0
2023-09-06,2.7599,21333.0
2023-09-07,2.75842,21333.0
2023-09-08,2.76229,21333.0
2023-09-09,2.75617,21333.0
2023-09-10,2.75617,21333.0
2023-09-11,2.75617,21437.0
2023-09-12,2.71959,21437.0
2023-09-13,2.6654,21437.0
2023-09-14,2.7013100000000003,21437.0
2023-09-15,2.69322,21437.0
2023-09-16,2.70291,21437.0
2023-09-17,2.70291,21437.0
2023-09-18,2.70291,21466.0
2023-09-19,2.70986,21466.0
2023-09-20,2.6878599999999997,21466.0
2023-09-21,2.67205,21466.0
2023-09-22,2.6555299999999997,21466.0
2023-09-23,2.6575800000000003,21466.0
2023-09-24,2.6575800000000003,21466.0
2023-09-25,2.6575800000000003,23377.0
2023-09-26,2.67257,23377.0
2023-09-27,2.65142,23377.0
2023-09-28,2.6459,23377.0
2023-09-29,2.64201,23377.0
2023-09-30,2.65326,23377.0
2023-10-01,2.65326,23377.0
2023-10-02,2.65326,26128.0
2023-10-03,2.67876,26128.0
2023-10-04,2.67862,26128.0
2023-10-05,2.67917,26128.0
2023-10-06,2.7028,26128.0
2023-10-07,2.71988,26128.0
2023-10-08,2.71988,26128.0
2023-10-09,2.71988,25637.0
2023-10-10,2.7357299999999998,25637.0
2023-10-11,2.71028,25637.0
2023-10-12,2.74308,25637.0
2023-10-13,2.68023,25637.0
2023-10-14,2.68887,25637.0
2023-10-15,2.68887,25637.0
2023-10-16,2.68887,29674.0
2023-10-17,2.68386,29674.0
2023-10-18,2.67534,29674.0
2023-10-19,2.68159,29674.0
2023-10-20,2.67394,29674.0
2023-10-21,2.63111,29674.0
2023-10-22,2.63111,29674.0
2023-10-23,2.63111,28003.0
2023-10-24,2.5982700000000003,28003.0
2023-10-25,2.58724,28003.0
2023-10-26,2.57957,28003.0
2023-10-27,2.5775300000000003,28003.0
2023-10-28,2.5744800000000003,28003.0
2023-10-29,2.5744800000000003,28003.0
2023-10-30,2.5744800000000003,28151.0
2023-10-31,2.5879000000000003,28151.0
2023-11-01,2.55761,28151.0
2023-11-02,2.57482,28151.0
2023-11-03,2.58885,28151.0
2023-11-04,2.59632,28151.0
2023-11-05,2.59632,28151.0
2023-11-06,2.59632,28914.0
2023-11-07,2.59632,28914.0
2023-11-08,2.60352,28914.0
2023-11-09,2.59754,28914.0
2023-11-10,2.59237,28914.0
2023-11-11,2.57228,28914.0
2023-11-12,2.57228,28914.0
2023-11-13,2.57228,30523.0
2023-11-14,2.5583400000000003,30523.0
2023-11-15,2.53127,30523.0
2023-11-16,2.51956,30523.0
2023-11-17,2.50073,30523.0
2023-11-18,2.53449,30523.0
2023-11-19,2.53449,30523.0
2023-11-20,2.53449,28417.0
2023-11-21,2.52408,28417.0
2023-11-22,2.50472,28417.0
2023-11-23,2.50493,28417.0
2023-11-24,2.5020499999999997,28417.0
2023-11-25,2.50875,28417.0
2023-11-26,2.50875,28417.0
2023-11-27,2.50875,28956.0
2023-11-28,2.51828,28956.0
2023-11-29,2.5377400000000003,28956.0
2023-11-30,2.56197,28956.0
2023-12-01,2.53493,28956.0
2023-12-02,2.54729,28956.0
2023-12-03,2.54729,28956.0
2023-12-04,2.54729,24336.0
2023-12-05,2.5995,24336.0
2023-12-06,2.6255800000000002,24336.0
2023-12-07,2.63995,24336.0
2023-12-08,2.6244,24336.0
2023-12-09,2.60166,24336.0
2023-12-10,2.60166,24336.0
2023-12-11,2.60166,24783.0
2023-12-12,2.58305,24783.0
2023-12-13,2.53395,24783.0
2023-12-14,2.5154900000000002,24783.0
2023-12-15,2.55142,24783.0
2023-12-16,2.57234,24783.0
2023-12-17,2.57234,24783.0
2023-12-18,2.57234,23245.0
2023-12-19,2.58681,23245.0
2023-12-20,2.57561,23245.0
2023-12-21,2.58919,23245.0
2023-12-22,2.62499,23245.0
2023-12-23,2.65086,23245.0
2023-12-24,2.65086,23245.0
2023-12-25,2.65086,19157.0
2023-12-26,2.6576,19157.0
2023-12-27,2.64923,19157.0
2023-12-28,2.65957,19157.0
2023-12-29,2.6386700000000003,19157.0
2023-12-30,2.62068,19157.0
2023-12-31,2.62068,19157.0
2024-01-01,2.62068,30778.0
2024-01-02,2.62068,30778.0
2024-01-03,2.62068,30778.0
2024-01-04,2.62068,30778.0
2024-01-05,2.62068,30778.0
2024-01-06,2.62068,30778.0
2024-01-07,2.62068,30778.0
2024-01-08,2.62068,41932.0
2024-01-09,2.62068,41932.0
2024-01-10,2.59078,41932.0
2024-01-11,2.55043,41932.0
2024-01-12,2.53504,41932.0
2024-01-13,2.51402,41932.0
2024-01-14,2.51402,41932.0
2024-01-15,2.51402,41549.0
2024-01-16,2.51388,41549.0
2024-01-17,2.49402,41549.0
2024-01-18,2.48705,41549.0
2024-01-19,2.49295,41549.0
2024-01-20,2.49161,41549.0
2024-01-21,2.49161,41549.0
2024-01-22,2.49161,36674.0
2024-01-23,2.4747,36674.0
2024-01-24,2.46753,36674.0
2024-01-25,2.46624,36674.0
2024-01-26,2.4796199999999997,36674.0
2024-01-27,2.50899,36674.0
2024-01-28,2.50899,36674.0
2024-01-29,2.50899,33246.0
2024-01-30,2.51911,33246.0
2024-01-31,2.5253799999999997,33246.0
2024-02-01,2.53077,33246.0
2024-02-02,2.54121,33246.0
2024-02-03,2.56536,33246.0
2024-02-04,2.56536,33246.0
2024-02-05,2.56536,29898.0
2024-02-06,2.55709,29898.0
2024-02-07,2.5393,29898.0
2024-02-08,2.5655,29898.0
2024-02-09,2.55597,29898.0
2024-02-10,2.5306699999999998,29898.0
2024-02-11,2.5306699999999998,29898.0
2024-02-12,2.5306699999999998,27386.0
2024-02-13,2.5368500000000003,27386.0
2024-02-14,2.54743,27386.0
2024-02-15,2.53377,27386.0
2024-02-16,2.54052,27386.0
2024-02-17,2.56293,27386.0
2024-02-18,2.56293,27386.0
2024-02-19,2.56293,23557.0
2024-02-20,2.571,23557.0
2024-02-21,2.55512,23557.0
2024-02-22,2.57194,23557.0
2024-02-23,2.58503,23557.0
2024-02-24,2.58503,23557.0
2024-02-25,2.58503,23557.0
2024-02-26,2.58503,22373.0
2024-02-27,2.57422,22373.0
2024-02-28,2.56427,22373.0
2024-02-29,2.55722,22373.0
2024-03-01,2.52791,22373.0
2024-03-02,2.54343,22373.0
2024-03-03,2.54343,22373.0
2024-03-04,2.54343,18380.0
2024-03-05,2.55117,18380.0
2024-03-06,2.54575,18380.0
2024-03-07,2.52499,18380.0
2024-03-08,2.54873,18380.0
2024-03-09,2.54873,18380.0
2024-03-10,2.54873,18380.0
2024-03-11,2.54873,18964.0
2024-03-12,2.55803,18964.0
2024-03-13,2.5600300000000002,18964.0
2024-03-14,2.5639399999999997,18964.0
2024-03-15,2.56889,18964.0
2024-03-16,2.5659099999999997,18964.0
2024-03-17,2.5659099999999997,18964.0
2024-03-18,2.5659099999999997,17096.0
2024-03-19,2.55937,17096.0
2024-03-20,2.5604500000000003,17096.0
2024-03-21,2.56941,17096.0
2024-03-22,2.55686,17096.0
2024-03-23,2.5437000000000003,17096.0
2024-03-24,2.5437000000000003,17096.0
2024-03-25,2.5437000000000003,14999.0
2024-03-26,2.55275,14999.0
2024-03-27,2.5461099999999997,14999.0
2024-03-28,2.5431999999999997,14999.0
2024-03-29,2.53216,14999.0
2024-03-30,2.5340499999999997,14999.0
2024-03-31,2.5340499999999997,14999.0
2024-04-01,2.5340499999999997,15614.0
2024-04-02,2.53869,15614.0
2024-04-03,2.52402,15614.0
2024-04-04,2.5195499999999997,15614.0
2024-04-05,2.51679,15614.0
2024-04-06,2.5132000000000003,15614.0
2024-04-07,2.5132000000000003,15614.0
2024-04-08,2.5132000000000003,14329.0
2024-04-09,2.5177,14329.0
2024-04-10,2.5369599999999997,14329.0
2024-04-11,2.56606,14329.0
2024-04-12,2.55841,14329.0
2024-04-13,2.55083,14329.0
2024-04-14,2.55083,14329.0
2024-04-15,2.55083,14479.0
2024-04-16,2.55485,14479.0
2024-04-17,2.56809,14479.0
2024-04-18,2.5642,14479.0
2024-04-19,2.5604,14479.0
2024-04-20,2.5344,14479.0
2024-04-21,2.5344,14479.0
2024-04-22,2.5344,14372.0
2024-04-23,2.52928,14372.0
2024-04-24,2.5197,14372.0
2024-04-25,2.50612,14372.0
2024-04-26,2.48212,14372.0
2024-04-27,2.48692,14372.0
2024-04-28,2.4805800000000002,14372.0
2024-04-29,2.4805800000000002,13535.0
2024-04-30,2.4805800000000002,13535.0
2024-05-01,2.4805800000000002,13535.0
2024-05-02,2.4805800000000002,13535.0
2024-05-03,2.49245,13535.0
2024-05-04,2.49081,13535.0
2024-05-05,2.49081,13535.0
2024-05-06,2.49081,13792.0
2024-05-07,2.4805099999999998,13792.0
2024-05-08,2.47759,13792.0
2024-05-09,2.48334,13792.0
2024-05-10,2.48334,13792.0
2024-05-11,2.48334,13792.0
2024-05-12,2.48334,13792.0
2024-05-13,2.48334,14303.0
2024-05-14,2.49023,14303.0
2024-05-15,2.48454,14303.0
2024-05-16,2.4967099999999998,14303.0
2024-05-17,2.5139299999999998,14303.0
2024-05-18,2.50875,14303.0
2024-05-19,2.50875,14303.0
2024-05-20,2.50875,15072.0
2024-05-21,2.51739,15072.0
2024-05-22,2.49285,15072.0
2024-05-23,2.4867999999999997,15072.0
2024-05-24,2.4704699999999997,15072.0
2024-05-25,2.44315,15072.0
2024-05-26,2.44315,15072.0
2024-05-27,2.44315,15796.0
2024-05-28,2.42256,15796.0
2024-05-29,2.41831,15796.0
2024-05-30,2.43378,15796.0
2024-05-31,2.4331199999999997,15796.0
2024-06-01,2.45412,15796.0
2024-06-02,2.45412,15796.0
2024-06-03,2.45412,16554.0
2024-06-04,2.43192,16554.0
2024-06-05,2.42666,16554.0
2024-06-06,2.42502,16554.0
2024-06-07,2.43252,16554.0
2024-06-08,2.4395499999999997,16554.0
2024-06-09,2.4395499999999997,16554.0
2024-06-10,2.4395499999999997,16666.0
2024-06-11,2.41236,16666.0
2024-06-12,2.42169,16666.0
2024-06-13,2.42169,16666.0
2024-06-14,2.40821,16666.0
2024-06-15,2.4233000000000002,16666.0
2024-06-16,2.4233000000000002,16666.0
2024-06-17,2.4233000000000002,17587.0
2024-06-18,2.4222,17587.0
2024-06-19,2.36516,17587.0
2024-06-20,2.25145,17587.0
2024-06-21,2.32682,17587.0
2024-06-22,2.39626,17587.0
2024-06-23,2.39626,17587.0
2024-06-24,2.39626,17310.0
2024-06-25,2.3790500000000003,17310.0
2024-06-26,2.38403,17310.0
2024-06-27,2.38702,17310.0
2024-06-28,2.30093,17310.0
2024-06-29,2.32707,17310.0
2024-06-30,2.32707,17310.0
2024-07-01,2.32707,18544.0
2024-07-02,2.3764,18544.0
2024-07-03,2.3895299999999997,18544.0
2024-07-04,2.38795,18544.0
2024-07-05,2.40681,18544.0
2024-07-06,2.40878,18544.0
2024-07-07,2.40878,18544.0
2024-07-08,2.40878,19473.0
2024-07-09,2.42016,19473.0
2024-07-10,2.41588,19473.0
2024-07-11,2.414,19473.0
2024-07-12,2.42759,19473.0
2024-07-13,2.42584,19473.0
2024-07-14,2.42584,19473.0
2024-07-15,2.42584,23103.0
2024-07-16,2.42389,23103.0
2024-07-17,2.43793,23103.0
2024-07-18,2.4506799999999997,23103.0
2024-07-19,2.44356,23103.0
2024-07-20,2.42963,23103.0
2024-07-21,2.42963,23103.0
2024-07-22,2.42963,21219.0
2024-07-23,2.423,21219.0
2024-07-24,2.4080500000000002,21219.0
2024-07-25,2.3968499999999997,21219.0
2024-07-26,2.3618099999999997,21219.0
2024-07-27,2.3679300000000003,21219.0
2024-07-28,2.3679300000000003,21219.0
2024-07-29,2.3679300000000003,21428.0
2024-07-30,2.39533,21428.0
2024-07-31,2.39926,21428.0
2024-08-01,2.41047,21428.0
2024-08-02,2.41766,21428.0
2024-08-03,2.41606,21428.0
2024-08-04,2.41606,21428.0
2024-08-05,2.41606,19991.0
2024-08-06,2.4125199999999998,19991.0
2024-08-07,2.40381,19991.0
2024-08-08,2.4261,19991.0
2024-08-09,2.4415299999999998,19991.0
2024-08-10,2.49672,19991.0
2024-08-11,2.49672,19991.0
2024-08-12,2.49672,18968.0
2024-08-13,2.5522099999999996,18968.0
2024-08-14,2.63543,18968.0
2024-08-15,2.57468,18968.0
2024-08-16,2.53074,18968.0
2024-08-17,2.5336600000000002,18968.0
2024-08-18,2.5336600000000002,18968.0
2024-08-19,2.5336600000000002,18784.0
2024-08-20,2.59906,18784.0
2024-08-21,2.64531,18784.0
2024-08-22,2.68033,18784.0
2024-08-23,2.65828,18784.0
2024-08-24,2.66717,18784.0
2024-08-25,2.66717,18784.0
2024-08-26,2.66717,19609.0
2024-08-27,2.7006,19609.0
2024-08-28,2.68571,19609.0
2024-08-29,2.69011,19609.0
2024-08-30,2.68977,19609.0
2024-08-31,2.68386,19609.0
2024-09-01,2.68386,19609.0
2024-09-02,2.68386,19058.0
2024-09-03,2.63362,19058.0
2024-09-04,2.5866800000000003,19058.0
2024-09-05,2.59775,19058.0
2024-09-06,2.6525600000000003,19058.0
2024-09-07,2.67783,19058.0
2024-09-08,2.67783,19058.0
2024-09-09,2.67783,20180.0
2024-09-10,2.6717500000000003,20180.0
2024-09-11,2.6915,20180.0
2024-09-12,2.7153400000000003,20180.0
2024-09-13,2.7001,20180.0
2024-09-14,2.72921,20180.0
2024-09-15,2.72921,20180.0
2024-09-16,2.72921,19774.0
2024-09-17,2.74525,19774.0
2024-09-18,2.74768,19774.0
2024-09-19,2.75,19774.0
2024-09-20,2.78158,19774.0
2024-09-21,2.79907,19774.0
2024-09-22,2.79907,19774.0
2024-09-23,2.79907,20327.0
2024-09-24,2.8225100000000003,20327.0
2024-09-25,2.8193,20327.0
2024-09-26,2.8294699999999997,20327.0
2024-09-27,2.8273800000000002,20327.0
2024-09-28,2.85841,20327.0
2024-09-29,2.85841,20327.0
2024-09-30,2.85841,21670.0
2024-10-01,2.8898,21670.0
2024-10-02,2.8758299999999997,21670.0
2024-10-03,2.89769,21670.0
2024-10-04,2.87566,21670.0
2024-10-05,2.86885,21670.0
2024-10-06,2.86885,21670.0
2024-10-07,2.86885,22493.0
2024-10-08,2.87207,22493.0
2024-10-09,2.8659,22493.0
2024-10-10,2.89987,22493.0
2024-10-11,2.90163,22493.0
2024-10-12,2.8838999999999997,22493.0
2024-10-13,2.8838999999999997,22493.0
2024-10-14,2.8838999999999997,21159.0
2024-10-15,2.88491,21159.0
2024-10-16,2.90882,21159.0
2024-10-17,2.92027,21159.0
2024-10-18,2.9234400000000003,21159.0
2024-10-19,2.91062,21159.0
2024-10-20,2.91062,21159.0
2024-10-21,2.91062,23745.0
2024-10-22,2.88809,23745.0
2024-10-23,2.88213,23745.0
2024-10-24,2.8835100000000002,23745.0
2024-10-25,2.86612,23745.0
2024-10-26,2.86196,23745.0
2024-10-27,2.86196,23745.0
2024-10-28,2.86196,24003.0
2024-10-29,2.87714,24003.0
2024-10-30,2.88211,24003.0
2024-10-31,2.8763300000000003,24003.0
2024-11-01,2.87449,24003.0
2024-11-02,2.87689,24003.0
2024-11-03,2.8801300000000003,24003.0
2024-11-04,2.8801300000000003,25193.0
2024-11-05,2.8801300000000003,25193.0
2024-11-06,2.91106,25193.0
2024-11-07,2.88732,25193.0
2024-11-08,2.85402,25193.0
2024-11-09,2.87348,25193.0
2024-11-10,2.87348,25193.0
2024-11-11,2.87348,26736.0
2024-11-12,2.85608,26736.0
2024-11-13,2.82034,26736.0
2024-11-14,2.83034,26736.0
2024-11-15,2.82852,26736.0
2024-11-16,2.86631,26736.0
2024-11-17,2.86631,26736.0
2024-11-18,2.86631,24166.0
2024-11-19,2.87449,24166.0
2024-11-20,2.89026,24166.0
2024-11-21,2.90062,24166.0
2024-11-22,2.90571,24166.0
2024-11-23,2.95259,24166.0
2024-11-24,2.95259,24166.0
2024-11-25,2.95259,23878.0
2024-11-26,3.0075600000000002,23878.0
2024-11-27,3.02506,23878.0
2024-11-28,3.1141300000000003,23878.0
2024-11-29,3.18107,23878.0
2024-11-30,3.1433299999999997,23878.0
2024-12-01,3.1433299999999997,23878.0
2024-12-02,3.1433299999999997,21746.0
2024-12-03,3.1079,21746.0
2024-12-04,3.08461,21746.0
2024-12-05,3.03683,21746.0
2024-12-06,3.01199,21746.0
2024-12-07,2.92184,21746.0
2024-12-08,2.92184,21746.0
2024-12-09,2.92184,20887.0
2024-12-10,2.9295400000000003,20887.0
2024-12-11,2.94889,20887.0
2024-12-12,3.05824,20887.0
2024-12-13,3.0712599999999997,20887.0
2024-12-14,3.03975,20887.0
2024-12-15,3.03975,20887.0
2024-12-16,3.03975,22257.0
2024-12-17,3.0161000000000002,22257.0
2024-12-18,3.0162199999999997,22257.0
2024-12-19,3.00164,22257.0
2024-12-20,2.9885200000000003,22257.0
2024-12-21,2.96014,22257.0
2024-12-22,2.96014,22257.0
2024-12-23,2.96014,19810.0
2024-12-24,2.96597,19810.0
2024-12-25,2.92137,19810.0
2024-12-26,2.9135,19810.0
2024-12-27,2.89907,19810.0
2024-12-28,2.94614,19810.0
2024-12-29,2.97989,19810.0
2024-12-30,2.97989,20939.0
2024-12-31,2.97989,20939.0
2025-01-01,2.97989,20939.0
2025-01-02,2.97989,20939.0
2025-01-03,2.97989,20939.0
2025-01-04,2.97989,20939.0
2025-01-05,2.97989,20939.0
2025-01-06,2.97989,31937.0
2025-01-07,2.97989,31937.0
2025-01-08,2.97989,31937.0
2025-01-09,2.97989,31937.0
2025-01-10,2.9500800000000003,31937.0
2025-01-11,2.94551,31937.0
2025-01-12,2.94551,31937.0
2025-01-13,2.94551,32781.0
2025-01-14,2.95359,32781.0
2025-01-15,2.98152,32781.0
2025-01-16,2.9581600000000003,32781.0
2025-01-17,2.96082,32781.0
2025-01-18,2.97187,32781.0
2025-01-19,2.97187,32781.0
2025-01-20,2.97187,31861.0
2025-01-21,2.96682,31861.0
2025-01-22,2.93544,31861.0
2025-01-23,2.8987,31861.0
2025-01-24,2.91936,31861.0
2025-01-25,2.90867,31861.0
2025-01-26,2.90867,31861.0
2025-01-27,2.90867,29327.0
2025-01-28,2.88003,29327.0
2025-01-29,2.89113,29327.0
2025-01-30,2.90494,29327.0
2025-01-31,2.90268,29327.0
2025-02-01,2.90653,29327.0
2025-02-02,2.90653,29327.0
2025-02-03,2.90653,27926.0
2025-02-04,2.93364,27926.0
2025-02-05,2.9066,27926.0
2025-02-06,2.91113,27926.0
2025-02-07,2.87875,27926.0
2025-02-08,2.8873100000000003,27926.0
2025-02-09,2.8873100000000003,27926.0
2025-02-10,2.8873100000000003,27084.0
2025-02-11,2.8569500000000003,27084.0
2025-02-12,2.81094,27084.0
2025-02-13,2.75948,27084.0
2025-02-14,2.68569,27084.0
2025-02-15,2.68205,27084.0
2025-02-16,2.68205,27084.0
2025-02-17,2.68205,26171.0
2025-02-18,2.7128699999999997,26171.0
2025-02-19,2.7065200000000003,26171.0
2025-02-20,2.68385,26171.0
2025-02-21,2.63048,26171.0
2025-02-22,2.6234100000000002,26171.0
2025-02-23,2.6234100000000002,26171.0
2025-02-24,2.6234100000000002,24088.0
2025-02-25,2.63578,24088.0
2025-02-26,2.57733,24088.0
2025-02-27,2.5417899999999998,24088.0
2025-02-28,2.58952,24088.0
2025-03-01,2.58719,24088.0
2025-03-02,2.58719,24088.0
2025-03-03,2.58719,20091.0
2025-03-04,2.60522,20091.0
2025-03-05,2.62732,20091.0
2025-03-06,2.66401,20091.0
2025-03-07,2.66347,20091.0
2025-03-08,2.64107,20091.0
2025-03-09,2.64107,20091.0
2025-03-10,2.64107,21128.0
2025-03-11,2.61648,21128.0
2025-03-12,2.55405,21128.0
2025-03-13,2.56334,21128.0
2025-03-14,2.56398,21128.0
2025-03-15,2.54134,21128.0
2025-03-16,2.54134,21128.0
2025-03-17,2.54134,21783.0
2025-03-18,2.5053799999999997,21783.0
2025-03-19,2.4255,21783.0
2025-03-20,2.4628,21783.0
2025-03-21,2.5087800000000002,21783.0
2025-03-22,2.50155,21783.0
2025-03-23,2.50155,21783.0
2025-03-24,2.50155,19132.0
2025-03-25,2.4716,19132.0
2025-03-26,2.4756799999999997,19132.0
2025-03-27,2.4803100000000002,19132.0
2025-03-28,2.47089,19132.0
2025-03-29,2.4668,19132.0
2025-03-30,2.4668,19132.0
2025-03-31,2.4668,15783.0
2025-04-01,2.52105,15783.0
2025-04-02,2.49136,15783.0
2025-04-03,2.47431,15783.0
2025-04-04,2.45728,15783.0
2025-04-05,2.46931,15783.0
2025-04-06,2.46931,15783.0
2025-04-07,2.46931,14990.0
2025-04-08,2.52532,14990.0
2025-04-09,2.46614,14990.0
2025-04-10,2.4738499999999997,14990.0
2025-04-11,2.48723,14990.0
2025-04-12,2.49277,14990.0
2025-04-13,2.49277,14990.0
2025-04-14,2.49277,13980.0
2025-04-15,2.45607,13980.0
2025-04-16,2.44222,13980.0
2025-04-17,2.47778,13980.0
2025-04-18,2.46922,13980.0
2025-04-19,2.43013,13980.0
2025-04-20,2.43013,13980.0
2025-04-21,2.43013,14228.0
2025-04-22,2.43575,14228.0
2025-04-23,2.45552,14228.0
2025-04-24,2.4595700000000003,14228.0
2025-04-25,2.47088,14228.0
2025-04-26,2.47004,14228.0
2025-04-27,2.47004,14228.0
2025-04-28,2.47004,12925.0
2025-04-29,2.45273,12925.0
2025-04-30,2.44717,12925.0
2025-05-01,2.43999,12925.0
2025-05-02,2.43999,12925.0
2025-05-03,2.43999,12925.0
2025-05-04,2.43999,12925.0
2025-05-05,2.43999,11958.0
2025-05-06,2.46231,11958.0
2025-05-07,2.46565,11958.0
2025-05-08,2.47025,11958.0
2025-05-09,2.47025,11958.0
2025-05-10,2.47025,11958.0
2025-05-11,2.47025,11958.0
2025-05-12,2.47025,13266.0
2025-05-13,2.44346,13266.0
2025-05-14,2.41812,13266.0
2025-05-15,2.4083200000000002,13266.0
2025-05-16,2.40488,13266.0
2025-05-17,2.4361,13266.0
2025-05-18,2.4361,13266.0
2025-05-19,2.4361,13053.0
2025-05-20,2.42312,13053.0
2025-05-21,2.4199200000000003,13053.0
2025-05-22,2.43521,13053.0
2025-05-23,2.43959,13053.0
2025-05-24,2.43496,13053.0
2025-05-25,2.43496,13053.0
2025-05-26,2.43496,14111.0
2025-05-27,2.45149,14111.0
2025-05-28,2.43568,14111.0
2025-05-29,2.43422,14111.0
2025-05-30,2.39218,14111.0
2025-05-31,2.40743,14111.0
2025-06-01,2.40743,14111.0
2025-06-02,2.40743,14349.0
2025-06-03,2.4230899999999997,14349.0
2025-06-04,2.41471,14349.0
2025-06-05,2.404,14349.0
2025-06-06,2.42938,14349.0
2025-06-07,2.42645,14349.0
2025-06-08,2.42645,14349.0
2025-06-09,2.42645,14316.0
2025-06-10,2.42596,14316.0
2025-06-11,2.40316,14316.0
2025-06-12,2.42124,14316.0
2025-06-13,2.42124,14316.0
2025-06-14,2.42124,14316.0
2025-06-15,2.42124,14316.0
2025-06-16,2.42124,16633.0
2025-06-17,2.41775,16633.0
2025-06-18,2.42091,16633.0
2025-06-19,2.41568,16633.0
2025-06-20,2.3904,16633.0
2025-06-21,2.3924700000000003,16633.0
2025-06-22,2.3924700000000003,16633.0
2025-06-23,2.3924700000000003,18108.0
2025-06-24,2.373,18108.0
2025-06-25,2.39378,18108.0
2025-06-26,2.39784,18108.0
2025-06-27,2.4129,18108.0
2025-06-28,2.4113700000000002,18108.0
2025-06-29,2.4113700000000002,18108.0
2025-06-30,2.4113700000000002,19337.0
2025-07-01,2.41403,19337.0
2025-07-02,2.4144200000000002,19337.0
2025-07-03,2.42288,19337.0
2025-07-04,2.43571,19337.0
2025-07-05,2.43327,19337.0
2025-07-06,2.43327,19337.0
2025-07-07,2.43327,19966.0
2025-07-08,2.41779,19966.0
2025-07-09,2.4052499999999997,19966.0
2025-07-10,2.39426,19966.0
2025-07-11,2.386,19966.0
2025-07-12,2.3927199999999997,19966.0
2025-07-13,2.3927199999999997,19966.0
2025-07-14,2.3927199999999997,21043.0
2025-07-15,2.41763,21043.0
2025-07-16,2.40094,21043.0
2025-07-17,2.39791,21043.0
2025-07-18,2.4060099999999998,21043.0
2025-07-19,2.4158,21043.0
2025-07-20,2.4158,21043.0
2025-07-21,2.4158,19452.0
2025-07-22,2.4175899999999997,19452.0
2025-07-23,2.41886,19452.0
2025-07-24,2.43831,19452.0
2025-07-25,2.44868,19452.0
2025-07-26,2.46148,19452.0
2025-07-27,2.46148,19452.0
2025-07-28,2.46148,18430.0
2025-07-29,2.4622699999999997,18430.0
2025-07-30,2.53233,18430.0
2025-07-31,2.52374,18430.0
2025-08-01,2.45676,18430.0
2025-08-02,2.4499500000000003,18430.0
2025-08-03,2.4499500000000003,18430.0
2025-08-04,2.4499500000000003,18881.0
2025-08-05,2.45338,18881.0
2025-08-06,2.4726299999999997,18881.0
2025-08-07,2.47711,18881.0
2025-08-08,2.45765,18881.0
2025-08-09,2.46766,18881.0
2025-08-10,2.46766,18881.0
2025-08-11,2.46766,19693.0
2025-08-12,2.4642,19693.0
2025-08-13,2.4705,19693.0
2025-08-14,2.46114,19693.0
2025-08-15,2.46875,19693.0
2025-08-16,2.46762,19693.0
2025-08-17,2.46762,19693.0
2025-08-18,2.46762,20379.0
2025-08-19,2.47944,20379.0
2025-08-20,2.47152,20379.0
2025-08-21,2.4580200000000003,20379.0
2025-08-22,2.46331,20379.0
2025-08-23,2.47282,20379.0
2025-08-24,2.47282,20379.0
2025-08-25,2.47282,21209.0
2025-08-26,2.48726,21209.0
2025-08-27,2.48126,21209.0
2025-08-28,2.47499,21209.0
2025-08-29,2.47845,21209.0
2025-08-30,2.48466,21209.0
2025-08-31,2.48466,21209.0
2025-09-01,2.48466,20603.0
2025-09-02,2.48859,20603.0
2025-09-03,2.49457,20603.0
2025-09-04,2.4941,20603.0
2025-09-05,2.5156300000000003,20603.0
2025-09-06,2.53105,20603.0
2025-09-07,2.53105,20603.0
2025-09-08,2.53105,21277.0
2025-09-09,2.5756900000000003,21277.0
2025-09-10,2.6291,21277.0
2025-09-11,2.6719,21277.0
2025-09-12,2.69327,21277.0
2025-09-13,2.6625,21277.0
2025-09-14,2.6625,21277.0
2025-09-15,2.6625,22587.0
2025-09-16,2.60666,22587.0
2025-09-17,2.60966,22587.0
2025-09-18,2.6143799999999997,22587.0
2025-09-19,2.61228,22587.0
2025-09-20,2.62327,22587.0
2025-09-21,2.62327,22587.0
2025-09-22,2.62327,22001.0
2025-09-23,2.63944,22001.0
2025-09-24,2.61763,22001.0
2025-09-25,2.62917,22001.0
2025-09-26,2.6002,22001.0
2025-09-27,2.5943,22001.0
2025-09-28,2.5943,22001.0
2025-09-29,2.5943,21882.0
2025-09-30,2.57026,21882.0
2025-10-01,2.55532,21882.0
2025-10-02,2.51192,21882.0
2025-10-03,2.49803,21882.0
2025-10-04,2.52488,21882.0
2025-10-05,2.52488,21882.0
2025-10-06,2.52488,23499.0
2025-10-07,2.5634699999999997,23499.0
2025-10-08,2.5203800000000003,23499.0
2025-10-09,2.51125,23499.0
2025-10-10,2.49748,23499.0
2025-10-11,2.4791499999999997,23499.0
2025-10-12,2.4791499999999997,23499.0
2025-10-13,2.4791499999999997,23897.0
2025-10-14,2.46892,23897.0
2025-10-15,2.44852,23897.0
2025-10-16,2.42373,23897.0
2025-10-17,2.4323799999999998,23897.0
2025-10-18,2.48492,23897.0
2025-10-19,2.48492,23897.0
2025-10-20,2.48492,22900.0
2025-10-21,2.4837599999999997,22900.0
2025-10-22,2.4960899999999997,22900.0
2025-10-23,2.48963,22900.0
2025-10-24,2.47786,22900.0
2025-10-25,2.46977,22900.0
2025-10-26,2.46977,22900.0
2025-10-27,2.46977,22394.0
2025-10-28,2.41706,22394.0
2025-10-29,2.44929,22394.0
2025-10-30,2.45859,22394.0
2025-10-31,2.48215,22394.0
2025-11-01,2.5050499999999998,22394.0
2025-11-02,2.50228,22394.0
2025-11-03,2.50228,23136.0
2025-11-04,2.50228,23136.0
2025-11-05,2.50228,23136.0
2025-11-06,2.4935,23136.0
2025-11-07,2.5095300000000003,23136.0
2025-11-08,2.50929,23136.0
2025-11-09,2.50929,23136.0
2025-11-10,2.50929,21543.0
2025-11-11,2.50381,21543.0
2025-11-12,2.51161,21543.0
2025-11-13,2.50239,21543.0
2025-11-14,2.49245,21543.0
2025-11-15,2.5085100000000002,21543.0
2025-11-16,2.5085100000000002,21543.0
2025-11-17,2.5085100000000002,22233.0
2025-11-18,2.50162,22233.0
2025-11-19,2.49691,22233.0
2025-11-20,2.4974499999999997,22233.0
2025-11-21,2.48628,22233.0
2025-11-22,2.43302,22233.0
2025-11-23,2.43302,22233.0
2025-11-24,2.43302,20551.0
2025-11-25,2.42839,20551.0
2025-11-26,2.4407,20551.0
2025-11-27,2.4372499999999997,20551.0
2025-11-28,2.42878,20551.0
2025-11-29,2.43028,20551.0
2025-11-30,2.43028,20551.0
2025-12-01,2.43028,18065.0
2025-12-02,2.42306,18065.0
2025-12-03,2.4194400000000003,18065.0
2025-12-04,2.44352,18065.0
2025-12-05,2.40556,18065.0
2025-12-06,2.37815,18065.0
2025-12-07,2.37815,18065.0
2025-12-08,2.37815,15990.0
2025-12-09,2.42639,15990.0
2025-12-10,2.40945,15990.0
2025-12-11,2.44369,15990.0
2025-12-12,2.50055,15990.0
2025-12-13,2.51878,15990.0
2025-12-14,2.51878,15990.0
2025-12-15,2.51878,14921.0
2025-12-16,2.5229299999999997,14921.0
2025-12-17,2.52031,14921.0
2025-12-18,2.55436,14921.0
2025-12-19,2.5433,14921.0
2025-12-20,2.56766,14921.0
2025-12-21,2.56766,14921.0
2025-12-22,2.56766,14595.0
2025-12-23,2.53523,14595.0
2025-12-24,2.52377,14595.0
2025-12-25,2.52541,14595.0
2025-12-26,2.50472,14595.0
2025-12-27,2.5008,14595.0
2025-12-28,2.5008,14595.0
2025-12-29,2.5008,14331.0
2025-12-30,2.4790099999999997,14331.0
2025-12-31,2.48095,14331.0
2026-01-01,2.48095,14331.0
2026-01-02,2.48095,14331.0
2026-01-03,2.48095,14331.0
2026-01-04,2.48095,14331.0
2026-01-05,2.48095,20718.0
2026-01-06,2.48095,20718.0
2026-01-07,2.48095,20718.0
2026-01-08,2.48095,20718.0
2026-01-09,2.48095,20718.0
2026-01-10,2.48095,20718.0
2026-01-11,2.48095,20718.0
2026-01-12,2.48095,25480.0
2026-01-13,2.5191500000000002,25480.0
2026-01-14,2.51243,25480.0
2026-01-15,2.49583,25480.0
2026-01-16,2.49406,25480.0
2026-01-17,2.48034,25480.0
2026-01-18,2.48034,25480.0
2026-01-19,2.48034,24256.0
2026-01-20,2.48589,24256.0
2026-01-21,2.49798,24256.0
2026-01-22,2.4974499999999997,24256.0
2026-01-23,2.42415,24256.0
2026-01-24,2.43325,24256.0
2026-01-25,2.43325,24256.0
2026-01-26,2.43325,22953.0
2026-01-27,2.44649,22953.0
2026-01-28,2.4576000000000002,22953.0
2026-01-29,2.46386,22953.0
2026-01-30,2.4443799999999998,22953.0
2026-01-31,2.41233,22953.0
2026-02-01,2.41233,22953.0
2026-02-02,2.41233,20988.0
2026-02-03,2.43264,20988.0
2026-02-04,2.4465,20988.0
2026-02-05,2.43572,20988.0
2026-02-06,2.40678,20988.0
2026-02-07,2.42958,20988.0
2026-02-08,2.42958,20988.0
2026-02-09,2.42958,18459.0
2026-02-10,2.4841699999999998,18459.0
2026-02-11,2.4793399999999997,18459.0
2026-02-12,2.49003,18459.0
2026-02-13,2.48617,18459.0
2026-02-14,2.48237,18459.0
2026-02-15,2.48237,18459.0
2026-02-16,2.48237,15519.0
2026-02-17,2.46907,15519.0
2026-02-18,2.45714,15519.0
2026-02-19,2.43563,15519.0
2026-02-20,2.4543,15519.0
2026-02-21,2.46023,15519.0
2026-02-22,2.46023,15519.0
2026-02-23,2.46023,15960.0
2026-02-24,2.46023,15960.0
2026-02-25,2.4665,15960.0
2026-02-26,2.464,15960.0
2026-02-27,2.48235,15960.0
2026-02-28,2.4880400000000003,15960.0
2026-03-01,2.4880400000000003,15960.0
2026-03-02,2.4880400000000003,14737.0
2026-03-03,2.4649,14737.0
2026-03-04,2.47882,14737.0
2026-03-05,2.45716,14737.0
2026-03-06,2.47398,14737.0
2026-03-07,2.4924399999999998,14737.0
2026-03-08,2.4924399999999998,14737.0
2026-03-09,2.4924399999999998,14611.0
2026-03-10,2.4924399999999998,14611.0
2026-03-11,2.48225,14611.0
2026-03-12,2.50413,14611.0
2026-03-13,2.48069,14611.0
2026-03-14,2.48892,14611.0
2026-03-15,2.48892,14611.0
2026-03-16,2.48892,13979.0
2026-03-17,2.4959700000000002,13979.0
2026-03-18,2.52545,13979.0
2026-03-19,2.57228,13979.0
2026-03-20,2.58778,13979.0
2026-03-21,2.57111,13979.0
2026-03-22,2.57111,13979.0
2026-03-23,2.57111,12758.0
2026-03-24,2.4811,12758.0
2026-03-25,2.48162,12758.0
2026-03-26,2.47173,12758.0
2026-03-27,2.5048500000000002,12758.0
2026-03-28,2.46827,12758.0
2026-03-29,2.46827,12758.0
2026-03-30,2.46827,11546.0
2026-03-31,2.4761800000000003,11546.0
2026-04-01,2.4708200000000002,11546.0
2026-04-02,2.47076,11546.0
2026-04-03,2.45615,11546.0
2026-04-04,2.44239,11546.0
2026-04-05,2.44239,11546.0
2026-04-06,2.44239,11287.0
2026-04-07,2.4117100000000002,11287.0
2026-04-08,2.41445,11287.0
2026-04-09,2.44182,11287.0
2026-04-10,2.4279900000000003,11287.0
2026-04-11,2.39253,11287.0
2026-04-12,2.39253,11287.0
2026-04-13,2.39253,11257.0
2026-04-14,2.37004,11257.0
2026-04-15,2.35774,11257.0
2026-04-16,2.3385100000000003,11257.0
2026-04-17,2.38283,11257.0
2026-04-18,2.37082,11257.0
2026-04-19,2.37082,11257.0
2026-04-20,2.37082,10681.0
2026-04-21,2.3449999999999998,10681.0
2026-04-22,2.3257000000000003,10681.0
2026-04-23,2.33236,10681.0
2026-04-24,2.311,10681.0
2026-04-25,2.3252800000000002,10681.0
2026-04-26,2.3252800000000002,10681.0
2026-04-27,2.3252800000000002,9818.0
2026-04-28,2.3141100000000003,9818.0
2026-04-29,2.30049,9818.0
2026-04-30,2.2967400000000002,9818.0
2026-05-01,2.2826899999999997,9818.0
2026-05-02,2.2826899999999997,9818.0
2026-05-03,2.2826899999999997,9818.0
2026-05-04,2.2826899999999997,8916.0
2026-05-05,2.30214,8916.0
2026-05-06,2.30039,8916.0
2026-05-07,2.31767,8916.0
2026-05-08,2.31268,8916.0
2026-05-09,2.30476,8916.0
2026-05-10,2.30476,8916.0
2026-05-11,2.30476,10098.0
2026-05-12,2.30476,10098.0
2026-05-13,2.2797899999999998,10098.0
2026-05-14,2.2667200000000003,10098.0
2026-05-15,2.2613399999999997,10098.0
2026-05-16,2.24786,10098.0
2026-05-17,2.24786,10098.0
2026-05-18,2.24786,17058.0
2026-05-19,2.21253,17058.0
2026-05-20,2.18588,17058.0
2026-05-21,2.16849,17058.0
2026-05-22,2.16722,17058.0
2026-05-23,2.18011,17058.0
2026-05-24,2.18011,17058.0
2026-05-25,2.18011,12476.0
2026-05-26,2.20426,12476.0
2026-05-27,2.19834,12476.0
2026-05-28,2.17548,12476.0
2026-05-29,2.18368,12476.0
2026-05-30,2.1795999999999998,12476.0
2026-05-31,2.1795999999999998,12476.0
2026-06-01,2.1795999999999998,12713.0
2026-06-02,2.19589,12713.0
2026-06-03,2.22822,12713.0
2026-06-04,2.25229,12713.0
2026-06-05,2.2731500000000002,12713.0
2026-06-06,2.24909,12713.0
2026-06-07,2.24909,12713.0
2026-06-08,2.24909,12507.0
2026-06-09,2.2298,12507.0
2026-06-10,2.18388,12507.0
2026-06-11,2.18045,12507.0
2026-06-12,2.18432,12507.0
2026-06-13,2.18432,12507.0
2026-06-14,2.18432,12507.0
2026-06-15,2.18432,11536.0
2026-06-16,2.2239999999999998,11536.0
2026-06-17,2.21563,11536.0
2026-06-18,2.2354399999999996,11536.0
2026-06-19,2.24532,11536.0
2026-06-20,2.23484,11536.0
2026-06-21,2.23484,11536.0
2026-06-22,2.23484,11760.0
2026-06-23,2.2399899999999997,11760.0
2026-06-24,2.25636,11760.0
2026-06-25,2.23961,11760.0
2026-06-26,2.2656,11760.0
2026-06-27,2.3060400000000003,11760.0
2026-06-28,2.3060400000000003,11760.0
2026-06-29,2.3060400000000003,12291.0
2026-06-30,2.3329899999999997,12291.0
2026-07-01,2.35553,12291.0
2026-07-02,2.34742,12291.0
2026-07-03,2.34015,12291.0
2026-07-04,2.32855,12291.0
2026-07-05,2.32855,12291.0
2026-07-06,2.32855,13447.0
2026-07-07,2.34382,13447.0
2026-07-08,2.29019,13447.0
2026-07-09,2.28798,13447.0
2026-07-10,2.2689399999999997,13447.0
2026-07-11,2.301,13447.0
2026-07-12,2.301,13447.0
2026-07-13,2.301,14351.0
2026-07-14,2.2957,14351.0
2026-07-15,2.31262,14351.0
2026-07-16,2.32346,14351.0
2026-07-17,2.33291,14351.0
2026-07-18,2.33281,14351.0
2026-07-19,2.33281,14351.0
2026-07-20,2.33281,15985.0
2026-07-21,2.3282,15985.0
2026-07-22,2.33541,15985.0
2026-07-23,2.3227900000000004,15985.0
2026-07-24,2.3194,15985.0
2026-07-25,2.30922,15985.0
2026-07-26,2.30922,15985.0
2026-07-27,2.30922,15414.0
2026-07-28,2.3256799999999997,15414.0
2026-07-29,2.3459700000000003,15414.0
2026-07-30,2.36562,15414.0
2026-07-31,2.37833,15414.0
